Language Names	ISO-639-3 Code	Ref_Name
Chinese (Cantonese), Cantonese (honji)	yue	Yue Chinese
Chinese (Dungan), Dungan	dng	Dungan
Chinese (Jian'ou), Jian'ou	mnp	Min Bei Chinese
Chinese (Mandarin), Chinese	cmn	Mandarin Chinese
Chinese (Taiwanese), Taiwanese	nan	Min Nan Chinese
Chinese (Taiwanese Hakka), Taiwanese Hakka	hak	Hakka Chinese
Chinese (Wenzhounese), Wenzhounese	wuu	Wu Chinese
Abellen	abp	Abellen Ayta
Abenaki
Abidji	abi	Abidji
Aborlan Tagbanwa	tbw	Tagbanwa
Abua	abn	Abua
Abui	abz	Abui
Acazulco Otomi
Acehnese	ace	Achinese
Achagua	aca	Achagua
Achang	acn	Achang
Acheron	acz	Acheron
Achi	acr	Achi
Acholi	ach	Acoli
Achuar-Shiwiar	acu	Achuar-Shiwiar
Achumawi	acv	Achumawi
Adele	ade	Adele
Adhola	adh	Adhola
Adyghe	ady	Adyghe
Adzera	adz	Adzera
Afar	aar	Afar
Afitti	aft	Afitti
Aghul	agx	Aghul
Aguaruna	agr	Aguaruna
Agutaynen	agn	Agutaynen
Ahamb	ahb	Axamb
Ahanta	aha	Ahanta
Ahtna	aht	Ahtena
Aiton	aio	Aiton
Äiwoo	nfl	Ayiwo
Aja	ajg	Aja (Benin)
Ajië	aji	Ajië
Aka
Aka-Jeru	akj	Aka-Jeru
Akan	aka	Akan
Akatek	knj	Western Kanjobal
Akawaio	ake	Akawaio
Akhvakh	akv	Akhvakh
Saami (Akkala), Akkala Sámi	sia	Akkala Sami
Aklan	akl	Aklanon
Akurio	ako	Akurio
Alabama	akz	Alabama
Alasha	mvf	Peripheral Mongolian
Algonquin	alq	Algonquin
Alorese	aol	Alor
Alsatian	gsw	Swiss German
Alur	alz	Alur
Alutiiq	ems	Pacific Gulf Yupik
Alyawarr	aly	Alyawarr
Alyutor	alr	Alutor
Amahuaca	amc	Amahuaca
Amami
Amarakaeri	amr	Amarakaeri
Amarasi	aaz	Amarasi
Ambai	amk	Ambai
Ambala	abc	Ambala Ayta
Ambel	amv	Ambelau
Quechua (Ambo-Pasco), Ambo-Pasco Quechua	qva	Ambo-Pasco Quechua
Amdo Tibetan	adx	Amdo Tibetan
Amele	aey	Amele
Amharic	amh	Amharic
Amis	ami	Amis
ǂʼAmkoe (ǂHoan)	huc	ǂHua
Quechua (Ancash), Ancash Quechua
Andi	ani	Andi
Andoa	anb	Andoa
Andoque	ano	Andoque
Aneityum	aty	Aneityum
Angami	njm	Angami Naga
Angika	anp	Angika
Anii	blo	Anii
Anindilyakwa	aoi	Anindilyakwa
Anuak	anu	Anuak
Anuki	aui	Anuki
Anutan	aud	Anuta
Anyin	any	Anyin
Apache (Western)	apw	Western Apache
Apatani	apt	Apatani
Apma	app	Apma
Apurinã	apu	Apurinã
Arabela	arl	Arabela
Arabic (Algerian)	arq	Algerian Arabic
Arabic (Bedawi)	avl	Eastern Egyptian Bedawi Arabic
Arabic (Chadian)	shu	Chadian Arabic
Arabic (Egyptian)	arz	Egyptian Arabic
Arabic (Gulf)	afb	Gulf Arabic
Arabic (Hassaniya)	mey	Hassaniyya
Arabic (Hejazi)	acw	Hijazi Arabic
Arabic (Libyan)	ayl	Libyan Arabic
Arabic (Moroccan)	ary	Moroccan Arabic
Arabic (Najdi)	ars	Najdi Arabic
Arabic (Sudanese)	apd	Sudanese Arabic
Arabic (Syrian)	apc	Levantine Arabic
Arabic (Tunisian)	aeb	Tunisian Arabic
Aragonese	arg	Aragonese
Arakanese	rki	Rakhine
Araki	akr	Araki
Aranese	oci	Occitan (post 1500)
Arapaho	arp	Arapaho
Arawak	arw	Arawak
Arbëresh	aae	Arbëreshë Albanian
Archi	aqc	Archi
Are	mwc	Are
ꞌAreꞌare	alu	'Are'are
Argobba	agj	Argobba
Arhuaco	arh	Arhuaco
Arikara	ari	Arikara
Aringa	luc	Aringa
Arosi	aia	Arosi
Arrernte
Arta	atz	Arta
Asháninka	cni	Asháninka
Ashéninka
Assiniboine	asb	Assiniboine
Asturian	ast	Asturian
Atayal	tay	Atayal
Ateso	teo	Teso
Athpare	aph	Athpariya
Atikamekw	atj	Atikamekw
ʼAuhelawa	kud	'Auhelawa
Aushi	auh	Aushi
Austral	aut	Austral
Occitan (Auvergnat)	oci	Occitan (post 1500)
Avar	ava	Avaric
Avatime	avn	Avatime
Avava	tmb	Katbol
Avokaya	avu	Avokaya
Awadhi	awa	Awadhi
Awakatek	agu	Aguacateco
Awa Pit	kwi	Awa-Cuaiquer
Awara	awx	Awara
Awing	azo	Awing
Awngi	awn	Awngi
Ayizo	ayb	Ayizo Gbe
Aymara	aym	Aymara
Äynu	aib	Ainu (China)
Ayoreo	ayo	Ayoreo
Babatana	baa	Babatana
Babine-Witsuwitʼen, Babine-Witsuwit'en	bcr	Babine
Bade	bde	Bade
Baduy	bac	Badui
Bafanji	bfj	Bafanji
Bafaw-Balong	bwt	Bafaw-Balong
Bagirmi	bmi	Bagirmi
Bagri	bgq	Bagri
Bagvalal	kva	Bagvalal
Bahing	bhj	Bahing
Bahnar	bdq	Bahnar
Bai
Bajaw
Baka
Bakairi	bkq	Bakairí
Bakatiʼ	beh	Bekati'
Balangao	blw	Balangao
Balantak	blz	Balantak
Balanta-Kentohe	ble	Balanta-Kentohe
Baluchi	bal	Baluchi
Bambalang	bmo	Bambalang
Bambam	ptu	Bambam
Bambassi	myf	Bambassi
Bamunka	bvm	Bamunka
Bana	bcw	Bana
Bandial	bqj	Bandial
Banggai	bgz	Banggai
Bangi	bni	Bangi
Bangubangu	bnx	Bangubangu
Baniwa	bwi	Baniwa
Banjarese	bjn	Banjar
Bantayanon	bfx	Bantayanon
Bantik	bnq	Bantik
Bantoanon	bno	Bantoanon
Baoulé	bci	Baoulé
Barai	bbb	Barai
Barbareño	boi	Barbareño
Bardi	bcj	Bardi
Barein	bva	Barein
Bari	bfa	Bari
Bariai	bch	Bariai
Bariba	bba	Baatonum
Barin (Mongolian), Barin
Bartangi
Basque	eus	Basque
Bassari	bsc	Bassari
Batak Angkola	akb	Batak Angkola
Batak Dairi / Pakpak, Batak Dairi	btd	Batak Dairi
Batak Karo	btx	Batak Karo
Batak Mandailing	btm	Batak Mandailing
Batak Simalungun	bts	Batak Simalungun
Batak Toba	bbc	Batak Toba
Batsbi	bbl	Bats
Batuley	bay	Batuley
Baure	brg	Baure
Bavarian	bar	Bavarian
Bawm	bgr	Bawm Chin
Baybayanon	bvy	Baybayanon
Beami	beo	Beami
Beembe, Bembe	bmb	Bembe
Beja	bej	Beja
Belait	beg	Belait
Belanda Bor	bxb	Belanda Bor
Belanda Viri	bvi	Belanda Viri
Beli
Bemba	bem	Bemba (Zambia)
Bena
Benga	bng	Benga
Bengkulu	zlm	Malay (individual language)
Berba	bba	Baatonum
Berom	bom	Berom
Betawi	bew	Betawi
Bete (Daloa)	bev	Daloa Bété
Bezhta	kap	Bezhta
Bhaca
Biak	bhw	Biak
Biatah	bth	Biatah Bidayuh
Biete	biu	Biete
Big Numbas	nmb	Big Nambas
Bikol	bik	Bikol
Bila	bip	Bila
Biloxi	bll	Biloxi
Bilua	blb	Bilua
Bimin	bhl	Bimin
Bininj Kunwok	gup	Gunwinggu
Binukid	bkd	Binukid
Binumarien	bjr	Binumarien
Birifor (Northern)	bfo	Malba Birifor
Birifor (Southern)	biv	Southern Birifor
Bishnupriya Manipuri	bpy	Bishnupriya
Bislama	bis	Bislama
Bissa	bib	Bissa
Bisu	bzi	Bisu
Blaan
Blagar	beu	Blagar
Boko
Bola	bnp	Bola
Bole	bol	Bole
Bolinao	smk	Bolinao
Bolyu	ply	Bolyu
Bonggi	bdg	Bonggi
Bongo	bot	Bongo
Bontoc	bnc	Bontok
Bora	boa	Bora
Bori
Borong	ksr	Borong
Botlikh	bph	Botlikh
Botolan	sbl	Botolan Sambal
Bouyei	pcc	Bouyei
Braj	bra	Braj
Brao	brb	Brao
Breton	bre	Breton
Bribri	bzd	Bribri
Brunei Malay	kxd	Brunei
Bube	bvb	Bube
Budu	buu	Budu
Budukh	bdk	Budukh
Bugan	bbh	Bugan
Bugkalot	ilk	Ilongot
Buglere	sab	Buglere
Buhutu	bxh	Buhutu
Bujeba	bja	Budza
Bukar–Sadong	sdo	Bukar-Sadung Bidayuh
Bukid	bkd	Binukid
Bukiyip	ape	Bukiyip
Bukusu	bxk	Bukusu
Bulgarian	bul	Bulgarian
Bulu	bum	Bulu (Cameroon)
Bunak	bfn	Bunak
Bundjalung	bdy	Bandjalang
Bungku	bkz	Bungku
Bunun	bnn	Bunun
Buol	blf	Buol
Burarra	bvr	Burarra
Burum
Burushaski	bsk	Burushaski
Busa	bqp	Busa
Bushi	buc	Bushi
Bushong	buf	Bushoong
Butuanon	btw	Butuanon
Bwaidoka	bwd	Bwaidoka
Caac	msq	Caac
Cabécar	cjp	Cabécar
Caddo	cad	Caddo
Quechua (Cajamarca), Cajamarca Quechua	qvc	Cajamarca Quechua
Calamian Tagbanwa	tbk	Calamian Tagbanwa
Caló	rmq	Caló
Caluyanon	clu	Caluyanon
Candoshi-Shapra	cbu	Candoshi-Shapra
Capiznon	cps	Capiznon
Caquinte	cot	Caquinte
Carapana	cbc	Carapana
Carib	car	Galibi Carib
Carijona	cbd	Carijona
Carolinian	cal	Carolinian
Casiguran Dumagat Agta	dgc	Casiguran Dumagat Agta
Catalan	cat	Catalan
Catio	cto	Emberá-Catío
Cayuga	cay	Cayuga
Cebaara	sef	Cebaara Senoufo
Cebuano	ceb	Cebuano
Cèmuhî	cam	Cemuhî
Central Dusun	dtp	Kadazan Dusun
Central Kilimanjaro	old	Mochi
Central ǃKung	knw	Kung-Ekoka
Pomo (Central)	poo	Central Pomo
Central Sinama	sml	Central Sama
Central Teke	teg	Teke-Tege
Chagatai	chg	Chagatai
Chaha	sgw	Sebat Bet Gurage
Chakhar
Chakosi	cko	Anufo
Chaldean Neo-Aramaic	cld	Chaldean Neo-Aramaic
Chamacoco	ceg	Chamacoco
Chamalal	cji	Chamalal
Chami	cmi	Emberá-Chamí
Chamicuro	ccc	Chamicuro
Chamling	rab	Camling
Chamorro	cha	Chamorro
Chaná	caj	Chané
Chang	nbc	Chang Naga
Cha'palaachi, Cha'palaa(chi)	cbi	Chachi
Chatino
Chaura	crv	Chaura
Chavacano	cbk	Chavacano
Mixtec (Chayuco)	mih	Chayuco Mixtec
Cheke Holo	mrn	Cheke Holo
Chelkan	alt	Southern Altai
Cherepon	cpn	Cherepon
Cheyenne	chy	Cheyenne
Chhantyal	chx	Chantyal
Chicahuaxtla Triqui	trs	Chicahuaxtla Triqui
Chichewa	nya	Chichewa
Chickasaw	cic	Chickasaw
Chilcotin	clc	Chilcotin
Chimalapa Zoque	zoh	Chimalapa Zoque
Chinanteco
Chinook	chh	Chinook
Chippewa	ciw	Chippewa
Mazatec (Chiquihuitlán), Chiquihuitlán Mazatec	maq	Chiquihuitlán Mazatec
Chiru	cdf	Chiru
Chitimacha	ctm	Chitimacha
Chiwere	iow	Iowa-Oto
Chocha Ngacha	cgk	Chocangacakha
Choctaw	cho	Choctaw
Chokwe	cjk	Chokwe
Chʼol	ctu	Chol
Choni	cda	Choni
Maya (Chontal), Chontal Maya
Chorti	caa	Chortí
Chrau	crw	Chrau
Chru	cje	Chru
Chuj	cac	Chuj
Chukchansi	yok	Yokuts
Chukchi	ckt	Chukot
Chulym	clw	Chulym
Chumburung	ncu	Chumburung
Chuukese	chk	Chuukese
Chuvash	chv	Chuvash
Chuwabu	chw	Chuwabu
Cia-Cia	cia	Cia-Cia
Cimbrian	cim	Cimbrian
Cipu	awc	Cicipu
Coastal Kadazan	dtp	Kadazan Dusun
Mixtec (Coatzospan), Coatzospan Mixtec	miz	Coatzospan Mixtec
Cocama	cod	Cocama-Cocamilla
Cocopah	coc	Cocopa
Coeur d'Alene	crd	Coeur d'Alene
Cofán	con	Cofán
Comanche	com	Comanche
Comox	coo	Comox
Copala Triqui	trc	Copala Triqui
Cora
Cornish	cor	Cornish
Corsican	cos	Corsican
Muscogee (Creek-Seminole)	mus	Creek
Croatian	hrv	Croatian
Crow	cro	Crow
Cua	cua	Cua
Cubeo	cub	Cubeo
Cumbric	xcb	Cumbric
Curripaco	kpc	Curripaco
Cuyonon	cyo	Cuyonon
Quechua (Cuzco), Cuzco Quechua	quz	Cusco Quechua
Czech	ces	Czech
Daakaka	bpa	Daakaka
Daasanach	dsh	Daasanach
Dadibi	mps	Dadibi
Daga	dgz	Daga
Dagbani	dag	Dagbani
Daju Mongo	djc	Dar Daju Daju
Dalmatian	dlm	Dalmatian
Dan	dnj	Dan
Dananshan Miao	hmd	Large Flowery Miao
Dangaléat	daa	Dangaléat
Dangme	ada	Adangme
Danish	dan	Danish
Danwar	dhw	Dhanwar (Nepal)
Dari	prs	Dari
Darmiya	drd	Darmiya
Datooga	tcc	Datooga
Dawan	aoz	Uab Meto
Daza	dzd	Daza
Dciriku	diu	Diriku
Defaka	afn	Defaka
Degema	deg	Degema
Deg Xinag	ing	Degexit'an
Denaʼina	tfn	Tanaina
Dengebu	deu	German
Desano	des	Desano
Desiya	dso	Desiya
Dhao	nfa	Dhao
Dharawal	tbh	Dharawal
Dhimal	dhi	Dhimal
Dholuo (Luo), Dholuo	luo	Luo (Kenya and Tanzania)
Dhundari	dhd	Dhundari
Dhuwal	dwu	Dhuwal
Digo	dig	Digo
Dilling	dil	Dilling
Upper Kuskokwim	kuu	Upper Kuskokwim
Dinka	din	Dinka
Dirasha	gdl	Dirasha
Ditidaht	dtd	Ditidaht
Diyari	dif	Dieri
Dizin	mdx	Dizin
Djabugay	dyy	Djabugay
Djinang	dji	Djinang
Djinba	djb	Djinba
Dolgan	dlg	Dolgan
Dominican Creole French	acf	Saint Lucian Creole French
Dongotono	ddd	Dongotono
Dorig	wwo	Wetamut
Doteli	dty	Dotyali
Drehu	dhu	Dhurga
Drung	duu	Drung
Duala	dua	Duala
Dumi	dus	Dumi
Dupaningan	duo	Dupaninan Agta
Duri	mvp	Duri
Dutch	nld	Dutch
Dzongkha (Bhutanese)	dzo	Dzongkha
Cree (East)	cre	Cree
Frisian (East)	frs	Eastern Frisian
Siona (Ecuadorian)	snn	Siona
Edo	bin	Bini
Efik	efi	Efik
Egene	igb	Ebira
Ekoka ǃKung	knw	Kung-Ekoka
Ekpeye	ekp	Ekpeye
Emae	mmw	Emae
Emberá (Northern)	emp	Northern Emberá
Emerillon	eme	Emerillon
Emilian-Romagnol	egl	Emilian
Enawene Nawe	unk	Enawené-Nawé
Ende	end	Ende
Enets	enf	Forest Enets
Enggano	eno	Enggano
English	eng	English
Eperara	sja	Epena
Erromintxela	emx	Erromintxela
Erzya	myv	Erzya
Esan	ish	Esan
Esimbi	ags	Esimbi
Esperanto	epo	Esperanto
Estonian	est	Estonian
Eton	eto	Eton (Cameroon)
Even	eve	Even
Ewe	ewe	Ewe
Ewondo	ewo	Ewondo
Extremaduran	ext	Extremaduran
Eyak	eya	Eyak
Fala	fax	Fala
Falam	cfm	Falam Chin
Fanagalo	fng	Fanagalo
Fang	fan	Fang (Equatorial Guinea)
Fante	fat	Fanti
Faroese	fao	Faroese
Fataluku	ddg	Fataluku
Feʼfeʼ	fmp	Fe'fe'
Fijian	fij	Fijian
Fiji Hindi	hif	Fiji Hindi
Finnish	fin	Finnish
Finnish Kalo	rmf	Kalo Finnish Romani
Flemish	vls	Vlaams
Folkspraak
Fon	fon	Fon
Foodo	fod	Foodo
Fordata	frd	Fordata
Fox	sac	Meskwaki
Frafra	gur	Farefare
Franco-Provençal	frp	Arpitan
French	fra	French
Friulian	fur	Friulian
Fula(ni)	ful	Fulah
Fuliiru	flr	Fuliiru
Fur	fvr	Fur
Futuna-Aniwa	fut	Futuna-Aniwa
Futunan	fud	East Futuna
Fuyu Kyrgyz	kjh	Khakas
Fwe	fwe	Fwe
Ga	gaa	Ga
Gaam	tbi	Gaam
Gaddang	gad	Gaddang
Scottish Gaelic	gla	Scottish Gaelic
Galela	gbi	Galela
Galician	glg	Galician
Gallo
Galo	adl	Galo
Galoli	gal	Galolen
Gamilaraay	kld	Gamilaraay
Garawa	wrk	Garrwa
Garhwali	gbm	Garhwali
Garifuna	cab	Garifuna
Gascon	oci	Occitan (post 1500)
Gawar	gwu	Guwamu
Gawar Bati	gwt	Gawar-Bati
Gawri	gwc	Gawri
Gawwada	gwd	Gawwada
Gayo	gay	Gayo
Gela	nlg	Gela
Genoese	lij	Ligurian
Georgian	kat	Georgian
German	deu	German
Ghadamès	gha	Ghadamès
Ghari	gri	Ghari
Ghomalaʼ	bbj	Ghomálá'
Ghomara	gho	Ghomara
Ghulfan	ghl	Ghulfan
Gija	gia	Kija
Gilaki	glk	Gilaki
Giryama	nyf	Giryama
Gitxsan	git	Gitxsan
Glosa	igs	Interglossa
Godié	god	Godié
Godoberi	gdo	Ghodoberi
Goemai	ank	Goemai
Gogo	gog	Gogo
Gonja	gjn	Gonja
Gooniyandi	gni	Gooniyandi
Goral
Gorontalo	gor	Gorontalo
Gottscheerish	geh	Hutterite German
Gourmanchéma	gux	Gourmanchéma
Greenlandic	kal	Kalaallisut
Gronings	gos	Gronings
Guadeloupean Creole	gcf	Guadeloupean Creole French
Baniwa of Guainía	bwi	Baniwa
Guambiano	gum	Guambiano
Guanano	gvc	Guanano
Guarani	grn	Guarani
Guaymí	gym	Ngäbere
Guere	gxx	Wè Southern
Guernésiais	nrf	Jèrriais
Gugadja/Kukatja	kux	Kukatja
Gǀui	gwi	ǀGwi
Guinea-Bissau Creole	pov	Upper Guinea Crioulo
Gun	guw	Gun
Guna	cuk	San Blas Kuna
Guro	goa	Guro
Gurung	gvr	Gurung
Gusii	guz	Gusii
Guugu Yalandji	gvn	Kuku-Yalanji
Guugu Yimithirr	kky	Guugu Yimidhirr
French Guianese Creole	gcr	Guianese Creole French
Gwere	gwr	Gwere
Gwichʼin	gwi	Gwichʼin
Gyele	gyi	Gyele
Hadiyya	hdy	Hadiyya
Hadza	hts	Hadza
Haida	hai	Haida
Haisla	has	Haisla
Haitian Creole	hat	Haitian
Hajong	haj	Hajong
Hakha	cnh	Hakha Chin
Halkomelem	hur	Halkomelem
Hamtai	hmt	Hamtai
Hän	haa	Hän
Hanga	hag	Hanga
Hani	hni	Hani
Harari	har	Harari
Haroi	hro	Haroi
Haryanvi	bgc	Haryanvi
Hatang Kayi	ymi	Moji
Hawaiian	haw	Hawaiian
Hawu	hvn	Sabu
Haya	hay	Haya
Hazaragi	haz	Hazaragi
Hdi	xed	Hdi
Hehe	heh	Hehe
Heiltsuk	hei	Heiltsuk
Helong	heg	Helong
Herero	her	Herero
Hidatsa	hid	Hidatsa
Hiligaynon	hil	Hiligaynon
Hindi	hin	Hindi
Hindko	hno	Northern Hindko
Hinukh	gin	Hinukh
Hiri Motu	hmo	Hiri Motu
Hiw	hiw	Hiw
Hixkaryana	hix	Hixkaryána
Hmar	hmr	Hmar
Hmong Dau	mww	Hmong Daw
Hmong Njau	hnj	Hmong Njua
Hmu	hmd	Large Flowery Miao
Hoava	hoa	Hoava
Ho-Chunk, Ho-Chunk (Winnebago)	win	Ho-Chunk
Hopi	hop	Hopi
Quechua (Huallaga), Huallaga Quechua	qub	Huallaga Huánuco Quechua
Huambisa	hub	Huambisa
Huarijio	var	Huarijio
Huasteco	hus	Huastec
Quechua (Huaylla Wanca), Huaylla Wanca Quechua	qvw	Huaylla Wanca Quechua
Huehuetla Tepehua	tee	Huehuetla Tepehua
Huichol	hch	Huichol
Huilliche	huh	Huilliche
Huli	hui	Huli
Hungarian	hun	Hungarian
Hunsrik	hrx	Hunsrik
Hunzib	huz	Hunzib
Hupa	hup	Hupa
Iaai	iai	Iaai
Ibaloi	ibl	Ibaloi
Iban	iba	Iban
Ibanag	ibg	Ibanag
Ibibio	ibb	Ibibio
Ibinda	kng	Koongo
Icelandic	isl	Icelandic
Iceve-Maci	bec	Iceve-Maci
Idaʼan	dbj	Ida'an
Idaxo-Isuxa-Tiriki	ida	Idakho-Isukha-Tiriki
Ido	ido	Ido
Idu Mishmi	idu	Idoma
Ifugao	ifu	Mayoyao Ifugao
Igala	igl	Igala
Igbo	ibo	Igbo
Ik	ikx	Ik
Ikizu	ikz	Ikizu
Ikoma	ntk	Ikoma-Nata-Isenye
Ikpeng	txi	Ikpeng
Ikwerre	ikw	Ikwere
Iki Turki	ili	Ili Turki
Iñapari	inp	Iñapari
Saami (Inari), Inari Sámi	smn	Inari Sami
Indonesian	ind	Indonesian
Indus Kohistani	mvy	Indus Kohistani
Ingrian	izh	Ingrian
Innu (Montagnais)	moe	Innu
Inor	ior	Inor
Interglossa	igs	Interglossa
Interlingua	ina	Interlingua (International Auxiliary Language Association)
Inuktun
Iñupiaq	ipk	Inupiaq
Ipai
Iquito	iqu	Iquito
Iranun	ilp	Iranun (Philippines)
Iraqw	irk	Iraqw
Iraya	iry	Iraya
Irula	iru	Irula
Isan	tts	Northeastern Thai
Ishkashimi	isk	Ishkashimi
Isinai	inn	Isinai
Isnag	isd	Isnag
Isoko	iso	Isoko
Isthmus Mixe	mir	Isthmus Mixe
Istriot	ist	Istriot
Istro-Romanian	ruo	Istro Romanian
Italian	ita	Italian
Itawis	itv	Itawit
Itelmen	itl	Itelmen
San Martín Itunyoso Triqui	trq	San Martín Itunyoso Triqui
Itzaʼ	itz	Itzá
Iu Mien	ium	Iu Mien
Ivatan	ivv	Ivatan
Ivbiosakon
Ivilyuat / Cahuilla	chl	Cahuilla
Ixil	ixl	Ixil
Iyo'wujwa Chorote	crq	Iyo'wujwa Chorote
Izon	ijc	Izon
Jabo	jbw	Yawijibaya
Jah Hut	jah	Jah Hut
Jakaltek	jac	Popti'
Mazatec (Jalapa), Jalapa Mazatec	maj	Jalapa De Díaz Mazatec
Jamaican	jam	Jamaican Creole English
Jaminjung	djd	Djamindjung
Japreria	jru	Japrería
Jaqaru	jqr	Jaqaru
Jarai	jra	Jarai
Jarud
Jaunsari	jns	Jaunsari
Jeju	jje	Jejueo
Jemez	tow	Jemez
Jèrriais (Jersey Norman French)	nrf	Jèrriais
Jewish Neo-Aramaic	bjf	Barzani Jewish Neo-Aramaic
Jibu	jib	Jibu
Jicarilla	apj	Jicarilla Apache
Jingpho	kac	Kachin
Jingulu	jig	Jingulu
Jita	jit	Jita
Jju	kaj	Jju
Jola-Fonyi	dyo	Jola-Fonyi
Jru	xru	Marriammu
Juang	jun	Juang
Judeo-Arabic	jrb	Judeo-Arabic
Judeo-Persian	jpr	Judeo-Persian
Juǀʼhoan	ktz	Juǀʼhoan
Jumli	jml	Jumli
Jur Modo	bex	Jur Modo
Kabardian	kbd	Kabardian
Kabiye	kbp	Kabiyè
Kabwa	cwa	Kabwa
Kadaru	kdu	Kadaru
Kadiwéu	kbc	Kadiwéu
Kadugli	xtc	Katcha-Kadugli-Miri
Kafa	kbr	Kafa
Kagayanen	cgc	Kagayanen
Kahua	agw	Kahua
Kaingang	kgp	Kaingang
Kaitag	xdq	Kaitag
Kaiwá	kgk	Kaiwá
Kakabai	kqf	Kakabai
Kako	kkj	Kako
Kakwa (Africa)	keo	Kakwa
Kakwa (Brazil and Colombia), Kakwa (Brazil, Colombia)	keo	Kakwa
Kalabari	ijn	Kalabari
Kala Lagaw Ya	mwp	Kala Lagaw Ya
Kalanga	kck	Kalanga
Kalanguya	kak	Kalanguya
Kalkatungu	ktg	Kalkutung
Kalkoti	xka	Kalkoti
Kam	kdx	Kam
Kamasau	kms	Kamasau
Kamba	kam	Kamba (Kenya)
Kambari
Kambera	xbr	Kambera
Kamda	xmd	Mbudum
Kanakanavu	xnb	Kanakanabu
Kanasi	soq	Kanasi
Kanga	kcp	Kanga
Kangri	xnr	Kangri
Kaninuwa	wat	Kaninuwa
Kannauji	bjj	Kanauji
Kanuri	kau	Kanuri
Kanyok	kny	Kanyok
Kapingamarangi	kpg	Kapingamarangi
Kapóng	akf	Akpa
Kaqchikel	cak	Kaqchikel
Kar	kpf	Komba
Karai-karai	kai	Karekare
Karamanli Turkish	ota	Ottoman Turkish (1500-1928)
Karamojong	kdj	Karamojong
Karata	kpt	Karata
Karen (Eastern Pwo), Eastern Pwo Karen	kjp	Pwo Eastern Karen
Karuk	kyh	Karok
Kashaya	kju	Kashaya
Kashibo	cbr	Cashibo-Cacataibo
Kashinawa	cbs	Cashinahua
Kashubian	csb	Kashubian
Kaska	kkz	Kaska
Kaurna	zku	Kaurna
Kavalan	ckv	Kavalan
Kawaiisu	xaw	Kawaiisu
Kawésqar	alc	Qawasqar
Kebu	ndp	Ndo
Kei	kei	Kei
Keiga	kec	Keiga
Keiyo	eyo	Keiyo
Kelabit	kzi	Kelabit
Keliko	kbo	Keliko
Kembayan	xem	Kembayan
Kendayan	knx	Kendayan
Kenswei Nsei	ndb	Kenswei Nsei
Kéo	xxk	Ke'o
Kera	ker	Kera
Keres	kee	Eastern Keres
Kerinci	kvr	Kerinci
Ketengban	xte	Ketengban
Khalaj	klj	Khalaj
Khaling	klr	Khaling
Kham (Eastern Parbate), Kham	kif	Eastern Parbate Kham
Khamnigan Mongol	ykh	Khamnigan Mongol
Khams Tibetan	khg	Khams Tibetan
Khamti	kht	Khamti
Khandeshi	khn	Khandesi
Khanty	kca	Khanty
Khengkha	xkf	Khengkha
Khmu	kjg	Khmu
Khorchin Mongolian, Khorchin
Khortha	sck	Sadri
Khowar	khw	Khowar
Khufi	sgh	Shughni
Khwarshi	khv	Khvarshi
Kʼicheʼ	quc	K'iche'
Kichwa	que	Quechua
Kickapoo	kic	Kickapoo
Kiga	cgg	Chiga
Kikai	kzg	Kikai
Kikuyu	kik	Kikuyu
Sámi (Kildin), Kildin Sámi	sjd	Kildin Sami
Kili	ulb	Ulukwumi
Kiliwa	klb	Kiliwa
Kim	kia	Kim
Kimbundu	kmb	Kimbundu
Kinabalian	cbw	Kinabalian
Kinaray-a	krj	Kinaray-A
Kinyarwanda	kin	Kinyarwanda
Kiowa	kio	Kiowa
Kipsigis	sgc	Kipsigis
Kiribati	gil	Gilbertese
Kirundi	run	Rundi
Kisi
Kissi
Kituba	ktu	Kituba (Democratic Republic of Congo)
Klallam	clm	Klallam
Klamath	kla	Klamath-Modoc
Klata	sdt	Shuadit
Knaanic	czk	Knaanic
Koasati	cku	Koasati
Kobo	okc	Kobo
Koda	cdz	Koda
Kodeoha	vko	Kodeoha
Kogo	ogo	Khana
Koho	kpm	Koho
Kokota	kkk	Kokota
Kom (Cameroon)	bkm	Kom (Cameroon)
Komering	kge	Komering
Komo (Bantu)	kmw	Komo (Democratic Republic of Congo)
Kom (India)	kmm	Kom (India)
Kongo	kon	Kongo
Konjo	kjc	Coastal Konjo
Konkomba	xon	Konkomba
Korku	kfq	Korku
Koro	kfo	Koro (Côte d'Ivoire)
Kosraean	kos	Kosraean
Koti	eko	Koti
Kove	kvc	Kove
Koyukon	koy	Koyukon
Krache	kye	Krache
Kri	rop	Kriol
Sierra Leonean Creole	kri	Krio
Cape Verdean Creole	kea	Kabuverdianu
Krongo	kgo	Krongo
Kryts	kry	Kryts
Kubachi	ugh	Kubachi
Kuhane	sbi	Seti
Kuku	yky	Yakoma
Kuku Nyungkal	gvn	Kuku-Yalanji
Kukuya	kkw	Teke-Kukuya
Kulango	kzc	Bondoukou Kulango
Kulisusu	vkl	Kulisusu
Kumaoni	kfy	Kumaoni
Kumeyaay	dih	Kumiai
Kumzari	zum	Kumzari
Kuna	cuk	San Blas Kuna
Kunda	kdn	Kunda
Kunjen	kjn	Kunjen
Kuot	kto	Kuot
Kupsabiny	kpz	Kupsabiny
Kuria	kuj	Kuria
Kurti	ktm	Kurti
Kurukh	kru	Kurukh
Kusaal	kus	Kusaal
Kusunda	kgg	Kusunda
Kutchi	kfr	Kachhi
Kutenai	kut	Kutenai
Kven	fkv	Kven Finnish
Kwaio	kwd	Kwaio
Kwak̓wala	kwk	Kwak'wala
Kwambi	kwm	Kwambi
Kwamera	tnk	Kwamera
Kwangali	kwn	Kwangali
Kwaraʼae	kwf	Kwara'ae
Kwasengen	wsg	Adilabad Gondi
Kwasio	nmg	Kwasio
Kyode	acd	Gikyode
Laalaa	cae	Lehar
Láá Láá Bwamu	bwj	Láá Láá Bwamu
Lacandon	lac	Lacandon
Ladakhi	lbj	Ladakhi
Ladin	lld	Ladin
Ladino	lad	Ladino
Lahu	lhu	Lahu
Lak	lbe	Lak
Lakon	lkn	Lakon
Lakota (Sioux)	lkt	Lakota
Lamaholot	slp	Lamaholot
Lamalama	lby	Lamalama
Lambya	lai	Lambya
Lampung	abl	Lampung Nyo
Lango (South Sudan)	lgo	Lango (South Sudan)
Lango (Uganda)	laj	Lango (Uganda)
Occitan (Languedocien)	oci	Occitan (post 1500)
Lashi	lsi	Lashi
Latgalian	ltg	Latgalian
Latvian	lav	Latvian
Lau	llu	Lau
Lavukaleve	lvk	Lavukaleve
Lawangan	lbx	Lawangan
Laz	lzz	Laz
Arabic (Lebanese)	apc	Levantine Arabic
Ledo Kaili	lew	Ledo Kaili
Lega	lea	Lega-Shabunda
Lehali	tql	Lehali
Lele	llc	Lele (Guinea)
Lenakel	tnl	Lenakel
Lengo	lgr	Lengo
Lengola	lej	Lengola
Lewo	lww	Lewo
Lhao Vo	lhu	Lahu
Lhomi	lhm	Lhomi
Lhowa	lhl	Lahul Lohar
Ligurian	lij	Ligurian
Likpe	lip	Sekpele
Lillooet	lil	Lillooet
Limba	lma	East Limba
Limbum	lmp	Limbum
Limburgish	lim	Limburgan
Occitan (Limousin)	oci	Occitan (post 1500)
Lingala	lin	Lingala
Lio	ljl	Li'o
Lipan Apache	apl	Lipan Apache
Lipo	lpo	Lipo
Liqʼwala	kwk	Kwak'wala
Lisu	lis	Lisu
Livonian	liv	Liv
Livvi-Karelian	olo	Livvi
Llanito
Logba	lgq	Logba
Lojban	jbo	Lojban
Lokoya	lky	Lokoya
Lolopo	ycl	Lolopo
Lombard	lmo	Lombard
Lomwe	ngl	Lomwe
Longgu	lgu	Longgu
Lopit	lpx	Lopit
Lorrain
Lote	uvl	Lote
Lo-Toga	lht	Lo-Toga
Lotuko	lot	Otuho
Loup	xlo	Loup A
Lovari	rmy	Vlax Romani
Low German	nds	Low German
Löyöp	sij	Numbami
Lozi	loz	Lozi
Latino sine Flexione
Luba-Katanga	lub	Luba-Katanga
Luchazi	lch	Luchazi
Lugbara	lgg	Lugbara
Sámi (Lule), Lule Sámi	smj	Lule Sami
Lumun	lmd	Lumun
Lun Bawang	lnd	Lundayeh
Lunda	lun	Lunda
Luobohe Miao	hml	Luopohe Hmong
Luri	ldd	Luri
Luiseño	lui	Luiseno
Lushootseed	lut	Lushootseed
Luvale	lue	Luvale
Luxembourgish	ltz	Luxembourgish
Luyana	lyn	Luyana
Maʼanyan	mhy	Ma'anyan
Maasai	mas	Masai
Maay Maay	ymm	Maay
Macedonian	mkd	Macedonian
Machiguenga	mcb	Machiguenga
Macushi	mbc	Macushi
Ma'di	mhi	Ma'di
Magahi	mag	Magahi
Magar	mgp	Eastern Magar
Mahasu Pahari	bfz	Mahasu Pahari
Maithili	mai	Maithili
Maká	mca	Maca
Makaa	mcp	Makaa
Makah	myh	Makah
Makalero	mjb	Makalero
Makhuwa	vmw	Makhuwa
Makonde	kde	Makonde
Makurap	mpu	Makuráp
Malagasy	mlg	Malagasy
Malecite-Passamaquoddy	pqm	Malecite-Passamaquoddy
Maléku	gut	Maléku Jaíka
Maltese	mlt	Maltese
Mam	mam	Mam
Mamaindê	wmd	Mamaindé
Mamanwa	mmn	Mamanwa
Mamasa	mqj	Mamasa
Mampruli	maw	Mampruli
Manado Malay	xmm	Manado Malay
Manam	mva	Manam
Mandan	mhq	Mandan
Mandari	mqu	Mandari
Mangareva	mrv	Mangareva
Manggarainese	mqy	Manggarai
Manide	abd	Manide
Maninka	mnk	Mandinka
Mankanya	knf	Mankanya
Mano	mev	Mano
Mansi	mns	Mansi
Karen (Manumanaw), Manumanaw Karen	kxf	Manumanaw Karen
Manx	glv	Manx
Mao	nbi	Mao Naga
Maore	swb	Maore Comorian
Māori	mri	Maori
Mapuche	arn	Mapudungun
Maranao	mrw	Maranao
Marathi	mar	Marathi
Marba	mpg	Marba
Maricopa	mrc	Maricopa
Markwet	enb	Markweeta
Marma	rmz	Marma
Marovo	mvo	Marovo
Marshallese	mah	Marshallese
Martu Wangka	mpj	Martu Wangka
Masaaba	myx	Masaaba
Masalit	mls	Masalit
Masbateño	msb	Masbatenyo
Mashan Miao	hmm	Central Mashan Hmong
Maskelynes	klv	Maskelynes
Massachusett	wam	Wampanoag
Matigsalug	mbt	Matigsalug Manobo
Mato	met	Mato
Matsés	mcf	Matsés
Maung	mph	Maung
Mauritian Creole	mfe	Morisyen
Mavea	mva	Manam
Mayo	mfy	Mayo
Mazahua	maz	Central Mazahua
Mazandarani	mzn	Mazanderani
Mazatec
Mbama	mbm	Ombamba
Mbato	gwa	Mbato
Mbelime	mql	Mbelime
Mbere	mdt	Mbere
Mbosi	mdw	Mbosi
Mbukushu	mhw	Mbukushu
Mbula	mna	Mbula
Mbum	mdd	Mbum
Mbunda	mck	Mbunda
Mbuun	zmp	Mbuun
Meänkieli	fit	Tornedalen Finnish
Medumba	byv	Medumba
Megleno-Romanian	ruq	Megleno Romanian
Melanau	mel	Central Melanau
Mele-Fila	mxe	Mele-Fila
Ménik	tnr	Ménik
Menominee	mez	Menominee
Mentawai	mwv	Mentawai
Meriam Mir	ulk	Meriam Mir
Mescalero-Chiricahua	apm	Mescalero-Chiricahua Apache
Mewari	mtr	Mewari
Meyah	mej	Meyah
Miami	mia	Miami
Michif	crg	Michif
Midland Mixe	pxm	Quetzaltepec Mixe
Migaama	mmy	Migaama
Miju	mxj	Miju-Mishmi
Mikasuki	mik	Mikasuki
Mi'kmaq	mic	Mi'kmaq
Minangkabau	min	Minangkabau
Mingrelian	xmf	Mingrelian
Mirandese	mwl	Mirandese
Miriwoong	mep	Miriwoong
Misantla Totonac	tlc	Yecuatla Totonac
Mising	mrg	Mising
Miskito	miq	Mískito
Mixtec
Miya	mkf	Miya
Miyakoan	mvi	Miyako
Mizo	lus	Lushai
Mmen	bfm	Mmen
Moba	mfq	Moba
Mòcheno	mhn	Mòcheno
Mochoʼ	mhc	Mocho
Mocoví	moc	Mocoví
Modang	mxd	Modang
Shetland(ic)	sco	Scots
Mogholi	mhj	Mogholi
Mohawk	moh	Mohawk
Mohegan	xpq	Mohegan-Pequot
Mohican	mjy	Mahican
Mojave	mov	Mohave
Mokilese	mkj	Mokilese
Moksha	mdf	Moksha
Molbog	pwm	Molbog
Moldovan	ron	Romanian
Moloko	mlw	Moloko
Moma	myl	Moma
Monégasque	lij	Ligurian
Mongo	lol	Mongo
Mongondow	mog	Mongondow
Mongsen Ao	njo	Ao Naga
Monguor	mjg	Tu
Mono-Alu	mte	Mono (Solomon Islands)
Mono (Congo)	mnh	Mono (Democratic Republic of Congo)
Mono (California)	mnr	Mono (USA)
Mopan	mop	Mopán Maya
Mori Atas	mzq	Mori Atas
Mori Bawah	xmz	Mori Bawah
Moriori	rrm	Moriori
Moro	mor	Moro
Morokodo	mgc	Morokodo
Moronene	mqn	Moronene
Mortlockese	mrl	Mortlockese
Moru	mgd	Moru
Mossi	mos	Mossi
Mota	mtt	Mota
Motu	meu	Motu
Motuna	siw	Siwai
Mpiemo	mcx	Mpiemo
Mualang	mtd	Mualang
Mufian	aoj	Mufian
Muinane	bmr	Muinane
Muna	mnb	Muna
Mundang	mua	Mundang
Munji	mnj	Munji
Munsee	umu	Munsee
Muong	mtq	Muong
Murrinh-Patha	mwf	Murrinh-Patha
Murui Huitoto	huu	Murui Huitoto
Musey	mse	Musey
Musi (Palembang), Musi	mui	Musi
Mussau-Emira	emi	Mussau-Emira
Mutsun	css	Southern Ohlone
Mwaghavul	sur	Mwaghavul
Mwani	wmw	Mwani
Mwerlap	mrm	Merlav
Mwotlap	mlv	Motlav
Myene	mye	Myene
Naasioi	nas	Naasioi
Naba	mne	Naba
Nafanan	nfr	Nafaanra
Nafsan	sbi	Seti
Nagamese	nag	Naga Pidgin
Nahavaq	tvk	Southeast Ambrym
Nahuatl (Eastern Huasteca)	nhe	Eastern Huasteca Nahuatl
Nahuatl (Guerrero)	ngu	Guerrero Nahuatl
Nahuatl (Tetelcingo)	nhg	Tetelcingo Nahuatl
Nahuatl
Namakura	nmk	Namakura
Naman	lcp	Western Lawa
Nambikwara	nab	Southern Nambikuára
Nambya	nmq	Nambya
Nanai	gld	Nanai
Nande	nnb	Nande
Nandi	niq	Nandi
Nanggu	ngr	Engdewu
Nanti	cox	Nanti
Narim	loh	Laarim
Naro	nhr	Naro
Narragansett	xnt	Narragansett
Natchez	ncz	Natchez
Nateni	ntm	Nateni
Nauruan	nau	Nauru
Navajo	nav	Navajo
Nawdm	nmz	Nawdm
Ndyuka	djk	Eastern Maroon Creole
Ndrumbea	ndu	Dugun
Nduke	nke	Duke
Neapolitan	nap	Neapolitan
Negidal	neg	Negidal
Nengone	nen	Nengone
Romance Neolatino, Neolatin
Neo-Mandaic	mid	Mandaic
Nepali	nep	Nepali (macrolanguage)
Neve‘ei	vlr	Lorediakarkar
Neverver	lgk	Lingarak
Newar	new	Nepal Bhasa
Neyo	ney	Neyo
Nez Perce	nez	Nez Perce
Ngaanyatjarra	ntj	Ngaanyatjarra
Ngadha	nxg	Ngad'a
Ngaju	nij	Ngaju
Nganasan	nio	Nganasan
Ngangam	gng	Ngangam
Ngiyambaa	wyb	Wangaaybuwan-Ngiyambaa
Ngizim	ngi	Ngizim
Ngoni	ngo	Ngoni (Tanzania)
Ngwii	n Zgwi	n Zgwi
Nhangu	jay	Yan-nhangu
Nheengatu	yrl	Nhengatu
Nias	nia	Nias
Nihali	nll	Nihali
Nimadi	noe	Nimadi
Ninde	mwi	Labo
Nisgaʼa	ncg	Nisga'a
Nisu	yiv	Northern Nisu
Niuafoʻou	num	Niuafo'ou
Niuatoputapu-Tafahi	nkp	Niuatoputapu
Niuean	niu	Niuean
Nǁng	ngh	Nǁng
Nivaclé	cag	Nivaclé
Nivkh	niv	Gilyak
Njebi	nzb	Njebi
Nkonya	nko	Nkonya
Nkore	nyn	Nyankole
Nobiin	fia	Nobiin
Nobonob	gaw	Nobonob
Nomatsiguenga	not	Nomatsiguenga
Nooksack	nok	Nooksack
Noon	snf	Noon
Noongar	nys	Nyungar
Norfuk	pih	Pitcairn-Norfolk
Norn	nrn	Norn
North Efate	llp	North Efate
Northern Khmer	kxm	Northern Khmer
Ndebele (Northern - South Africa)	nde	North Ndebele
Northern Paiute	pao	Northern Paiute
Pomo (Northern)	pej	Northern Pomo
Northern Pwo	pww	Pwo Northern Karen
Northern Qiang	cng	Northern Qiang
Sámi (Northern), Northern Sámi	sme	Northern Sami
Frisian (North)	frr	Northern Frisian
Marquesan (North)	mrq	North Marquesan
Slavey (North), North Slavey	scs	North Slavey
North Teke
Norwegian	nor	Norwegian
Novial	nov	Novial
Nso	lns	Lamnso'
Northern Sotho	nso	Pedi
Ntcham	bud	Ntcham
Nuaulu	nni	North Nuaulu
Nubi	kcn	Nubi
Nuer	nus	Nuer
Nukumanu	nuq	Nukumanu
Nukuoro	nkr	Nukuoro
Nukuria	nur	Nukuria
Nume	tgs	Nume
Numèè	kdk	Numèè
Nùng	nut	Nung (Viet Nam)
Nunggubuyu	nuy	Nunggubuyu
Nuosu	iii	Sichuan Yi
Nupe	nup	Nupe-Nupe-Tako
Nuu-Chah-Nulth (Nootka)	nuk	Nuu-chah-nulth
Nuxalk (Bella Coola), Nuxalk	blc	Bella Coola
Nyabwa	nwb	Nyabwa
Nyah Kur	cbn	Nyahkur
Nyakyusa	nyy	Nyakyusa-Ngonde
Nyamwezi	nym	Nyamwezi
Nyelâyu	yly	Nyâlayu
Nyemba	nba	Nyemba
Nyepu	lila	Lila
Nyole	nuj	Nyole
Nyoro	nyo	Nyoro
Nyungwe	nyu	Nyungwe
Nzadi	nzd	Nzadi
Nzema	nzi	Nzima
Obo	obo	Obo Manobo
Obolo	ann	Obolo
Ocaina	oca	Ocaina
Occidental (Interlingue), Occidental	ile	Interlingue
Occitan	oci	Occitan (post 1500)
Ogan	zlm	Malay (individual language)
Ogba	ogc	Ogbah
Oji-Cree	ojs	Severn Ojibwa
Okanagan	oka	Okanagan
Okinoerabu	okn	Oki-No-Erabu
Oku	oku	Oku
Old Norse	non	Old Norse
Old Tupi	tpn	Tupinambá
Olu'bo	lul	Olu'bo
Oluta Popoluca	plo	Oluta Popoluca
Omaha	oma	Omaha-Ponca
Ona	ona	Ona
Oneida	one	Oneida
Onhan	loc	Inonhan
Onondaga	ono	Onondaga
Ontong Java	ojv	Ontong Java
O'odham	ood	Tohono O'odham
Oowekyala	hei	Heiltsuk
Ormuri	oru	Ormuri
Oroch	oac	Oroch
Oroha	ora	Oroha
Orok	oaa	Orok
Oroko	bdu	Oroko
Oromo, Afaan Oromo	orm	Oromo
Oroqen	orh	Oroqen
Oroshor	sgh	Shughni
Oshiwambo, OshiWambo	kua	Kuanyama
Ososo	oso	Ososo
Otomi
Ottawa	otw	Ottawa
Owa	stn	Owa
Pááfang	pfa	Pááfang
Paakantyi	drl	Paakantyi
Paama	pma	Paama
Paasaal	sig	Paasaal
Pacoh	pac	Pacoh
Páez	pbb	Páez
Pagibete	pae	Pagibete
Pahari	mjp	Malapandaram
Paipai	ppi	Paipai
Paite	pck	Paite Chin
Paiwan	pwn	Paiwan
Paku	bkp	Boko (Democratic Republic of Congo)
Palauan	pau	Palauan
Palaung	pce	Ruching Palaung
Palawano	plc	Central Palawano
Palenquero	pln	Palenquero
Palikúr	plu	Palikúr
Paluʼe	ple	Palu'e
Palula	phl	Phalura
Panare	pbh	E'ñapa Woromaipu
Pangasinan	pag	Pangasinan
Pa'O	blk	Pa'o Karen
Papantla Totonac	top	Papantla Totonac
Papapana	ppn	Papapana
Papiamento	pap	Papiamento
Paraujuano	pbg	Paraujano
Pare	asa	Asu (Tanzania)
Paresi	pab	Parecís
Parkari Koli	kvx	Parkari Koli
Pashto	pus	Pushto
Patwin	pwi	Patwin
Pauna	pnk	Paunaka
Pawnee	paw	Pawnee
Paya	pch	Pardhan
Pazeh	pzh	Pazeh
Pemon	aoc	Pemon
Pendau	ums	Pendau
Pennsylvania German	pdc	Pennsylvania German
Penobscot	aaq	Eastern Abnaki
Penrhyn	pnh	Penrhyn
Persian (Farsi), Persian/Farsi	fas	Persian
Phom	nph	Phom Naga
Piapoco	pio	Piapoco
Picard	pcd	Picard
Picuris	tix	Southern Tiwa
Piedmontese	pms	Piemontese
Pijin	pis	Pijin
Pilagá	plg	Pilagá
Pingelapese	pif	Pingelapese
Pintupi	piu	Pintupi-Luritja
Pinyin	pny	Pinyin
Nawat (Pipil), Pipil	ppl	Pipil
Pirahã	myp	Pirahã
Sámi (Pite), Pite Sámi	sje	Pite Sami
Pitjantjatjara	pjt	Pitjantjatjara
Pochuri	npo	Pochuri Naga
Pohnpeian	pon	Pohnpeian
Polci	pol	Polish
Polish	pol	Polish
Pomo (Eastern)	peb	Eastern Pomo
Ponosakan	pns	Ponosakan
Poqomam	poc	Poqomam
Poqomchiʼ	poh	Poqomchi'
Porohanon	prh	Porohanon
Portuguese	por	Portuguese
Potawatomi	pot	Potawatomi
Powhatan	pim	Powhatan
Occitan (Provençal)	oci	Occitan (post 1500)
Pukapukan	pkp	Pukapuka
Puluwatese	puw	Puluwatese
Pumi	pmi	Northern Pumi
Punu	puu	Punu
Purepecha	tsz	Purepecha
Puyuma	pyu	Puyuma
Qʼanjobʼal	kjb	Q'anjob'al
Qashqai	qxq	Qashqa'i
Quapaw	qua	Quapaw
Quechan	yum	Quechan
Quechua (Classical)	qwc	Classical Quechua
Quiripi	qyp	Quiripi
Rade	rad	Rade
Raga	lgr	Lengo
Rajbanshi	rjs	Rajbanshi
Rakahanga-Manihiki	rkh	Rakahanga-Manihiki
Rama	rma	Rama
Rapa	ray	Rapa
Rapa Nui	rap	Rapanui
Rarotongan	rar	Rarotongan
Ratahan	rth	Ratahan
Ravula	yea	Ravula
Rawang	raw	Rawang
Rendille	rel	Rendille
Rennellese	mnv	Rennell-Bellona
Réunion Creole	rcf	Réunion Creole French
Rinconada Bikol	bto	Rinconada Bikol
Ripuarian	ksh	Kölsch
Romani	rom	Romany
Romanian Tatar	crh	Crimean Tatar
Romániço
Romansh	roh	Romansh
Romblomanon	rol	Romblomanon
Ronga	rng	Ronga
Rongga	ror	Rongga
Rongmei	nbu	Rongmei Naga
Rotokas	roo	Rotokas
Rotuman	rtm	Rotuman
Roviana	rug	Roviana
Rukai	dru	Rukai
Rumsen	cst	Northern Ohlone
Russian	rus	Russian
Rusyn	rue	Rusyn
Rutul	rut	Rutul
Sa	apb	Sa'a
Sa'a	apb	Sa'a
Sámi, Saami/Sámi
Saanich	str	Straits Salish
Saaroa	sxr	Saaroa
Sabanê	sae	Sabanê
Safaliba	saf	Safaliba
Safen	sav	Saafi-Saafi
Safwa	sbk	Safwa
Saho	ssy	Saho
Saint Lucian Creole	acf	Saint Lucian Creole French
Saisiyat	xsy	Saisiyat
Sakao	sku	Sakao
Sakapultek	quv	Sacapulteco
Sakizaya	szy	Sakizaya
Saliba	sbe	Saliba
Salish	str	Straits Salish
Sambal	xsb	Sambal
Sambas Malay	zlm	Malay (individual language)
Samoan	smo	Samoan
Samogitian	sgs	Samogitian
Sandawe	sad	Sandawe
Sangirese	sxn	Sangir
Sanglechi	sgy	Sanglechi
Sango	sag	Sango
Sani	ysn	Sani
Sankethi
Santa / Dongxiang	sce	Dongxiang
Santa Cruz	sza	Semelai
Quechua (Santiagueño), Santiagueño Quechua	qus	Santiago del Estero Quichua
Santo Domingo del Estero Triqui	trc	Copala Triqui
Saramaccan	srm	Saramaccan
Sardinian	srd	Sardinian
Sarikoli	srh	Sarikoli
Sarnámi Hindustani	hns	Caribbean Hindustani
Satawalese	stw	Satawalese
Frisian (Saterland)	stq	Saterfriesisch
Sauk	sac	Meskwaki
Savosavo	svs	Savosavo
Sawi	saw	Sawi
Sawila	swt	Sawila
Saxwe	sxw	Saxwe Gbe
Sayula Popoluca	pos	Sayula Popoluca
Scots	sco	Scots
Secoya	sey	Secoya
Sedang	sed	Sedang
Seediq	trv	Sediq
Sekani	sek	Sekani
Seki	syi	Seki
Selaru	slu	Selaru
Selkup	sel	Selkup
Sena	seh	Sena
Seneca	see	Seneca
Sengele	szg	Sengele
Seri	sei	Seri
Serrano	ser	Serrano
Seychelles Creole	crs	Seselwa Creole French
Southern Sotho (Sesotho), Southern Sotho	sot	Southern Sotho
Seto	vro	Võro
Shabaki	sdb	Shabak
Shatt	shj	Shatt
Shavante (Xavante), Shavante	xav	Xavánte
Shawiya
Shawnee	sjw	Shawnee
She	shx	She
Sheko	she	Sheko
Shenwa	cnu	Chenoua
she shashishalhem	sec	Sechelt
Shilluk	shk	Shilluk
Shipibo	shp	Shipibo-Conibo
Shompen	sii	Shom Peng
Shona	sna	Shona
Shor	cjs	Shor
Shoshone	shh	Shoshoni
Shuar	jiv	Shuar
Shuswap	shs	Shuswap
Siar	sjr	Siar-Lak
Yupik (Central Siberian)	ess	Central Siberian Yupik
Sicilian	scn	Sicilian
Sierra Otomi	otm	Eastern Highland Otomi
Sierra Popoluca	poi	Highland Popoluca
Sikaiana	sky	Sikaiana
Sikkimese	sip	Sikkimese
Silesian	szl	Silesian
Silt'e	stv	Silt'e
Ndebele (Northern - Zimbabwe)	nde	North Ndebele
Singlish
Sio	xsi	Sio
Siona (Colombian)	snn	Siona
Dakota (Sioux)	dak	Dakota
Sipakapense	qum	Sipacapense
Sirenik	ysr	Sirenik Yupik
Sirmauri	srx	Sirmauri
Sisaali	sil	Tumulung Sisaala
Siwi	siz	Siwi
Siwu	akp	Siwu
Ske	ske	Seke (Vanuatu)
Sámi (Skolt), Skolt Sámi	sms	Skolt Sami
Slovak	slk	Slovak
Slovenian	slv	Slovenian
Sobei	sob	Sobei
Soga	xog	Soga
Sokoro	sok	Sokoro
Somrai	sor	Somrai
Songe	sop	Songe
Sonsorolese	sov	Sonsorol
Sora	srb	Sora
Sorsogon (Southern)	srv	Southern Sorsoganon
Quechua (South Bolivian), South Bolivian Quechua	quh	South Bolivian Quechua
Pomo (Southeastern)	pom	Southeastern Pomo
Southern Oromo	gax	Borana-Arsi-Guji Oromo
Southern Paiute	ute	Ute-Southern Paiute
Pomo (Southern)	peq	Southern Pomo
Southern Qiang	qxs	Southern Qiang
Sámi (Southern), Southern Sámi	sma	Southern Sami
Southern Tiwa	tix	Southern Tiwa
Yukaghir (Southern / Kolyma)	yux	Southern Yukaghir
Marquesan (South)	mqm	South Marquesan
Slavey (South), South Slavey	xsl	South Slavey
Soyot
Spanish	spa	Spanish
Squamish	squ	Squamish
Sranan	srn	Sranan Tongo
Stellingwarfs	stl	Stellingwerfs
Stoney	sto	Stoney
Suba	sxb	Suba
Sukuma	suk	Sukuma
Sunwar	suz	Sunwar
Supyire	spp	Supyire Senoufo
Surigaonon	sgd	Surigaonon
Suriyani Malayalam
Sursurunga	sgz	Sursurunga
Susu	sus	Susu
Suwawa	swu	Suwawa
Svan	sva	Svan
Swabian	swg	Swabian
Swahili	swa	Swahili (macrolanguage)
Swati/Swazi	ssw	Swati
Swedish	swe	Swedish
Taa	nmn	ǃXóõ
Tabassaran	tab	Tabassaran
Tagabawà	bgs	Tagabawa
Tahitian	tah	Tahitian
Tahltan	tht	Tahltan
Tai Dam	blt	Tai Dam
Tai Hongjin	tiz	Tai Hongjin
Tai Laing	tjl	Tai Laing
Taíno	tnq	Taino
Tai Phake	phk	Phake
Tairoa	bxa	Tairaha
Taita	dav	Taita
Tai Ya	cuu	Tai Ya
Tajik	tgk	Tajik
Tajio	tdj	Tajio
Takuu	nho	Takuu
Talaud	tld	Talaud
Talinga	tlj	Talinga-Bwisi
Talise	tlr	Talise
Tamahaq	thv	Tahaggart Tamahaq
Tamambo	mla	Malo
Tami	tmy	Tami
Tanacross	tcb	Tanacross
Tanchangya	tnv	Tangchangya
Tanga	tgg	Tangga
Tangale	tan	Tangale
Tangkhul Naga	nmf	Tangkhul Naga (India)
TaʼOi	tth	Upper Ta'oih
Taos	twf	Northern Tiwa
Tarahumara	tar	Central Tarahumara
Tarama	yif	Ache
Tariana	tae	Tariana
Tat	ttt	Muslim Tat
Tawbuid	bnj	Eastern Tawbuid
Tboli	tbl	Tboli
Tchaman	ame	Yanesha'
Teanu	tkw	Teanu
Tedim	ctd	Tedim Chin
Tehuelche	teh	Tehuelche
Teiwa	twe	Tewa (Indonesia)
Tektitek	ttc	Tektiteko
Teleut	alt	Southern Altai
Tem	kdh	Tem
Tembo	tbt	Tembo (Kitembo)
Temne	tem	Timne
Temoaya Otomi	ott	Temoaya Otomi
Tepehuán (Southeastern)	stp	Southeastern Tepehuan
Tepehuán (Southwestern)	tla	Southwestern Tepehuan
Tepehuán (Northern)	ntp	Northern Tepehuan
Terêna	ter	Tereno
Teribe	tfr	Teribe
Terik	tec	Terik
Tetela	tll	Tetela
Tetum	tet	Tetum
Tewa	tew	Tewa (USA)
Texistepec	poq	Texistepec Popoluca
Thadou	tcz	Thado Chin
Thakali	ths	Thakali
Thangmi	thf	Thangmi
Nlakaʼpamux (Thompson)	thp	Thompson
Ticuna	tca	Ticuna
Tidore	tvo	Tidore
Tigak	tgc	Tigak
Tigre	tig	Tigre
Tigrinya	tir	Tigrinya
Tii	txq	Tii
Tiipai	dih	Kumiai
Tikopia	tkp	Tikopia
Timbisha	tih	Timugon Murut
Tindi	tin	Tindi
Tirax	trd	Turi
Tiriyó	tri	Trió
Tiruray	tiy	Tiruray
Tiv	tiv	Tiv
Tiwi	tiw	Tiwi
Tlahuitoltepec Mixe	mxp	Tlahuitoltepec Mixe
Tlapanec	tcf	Malinaltepec Me'phaa
Tłı̨chǫ (Dogrib)	dgr	Tlicho
Tlingit	tli	Tlingit
Toba Qom	tob	Toba
Tobelo	tlb	Tobelo
Tobian	tox	Tobian
Tocho	taz	Tocho
Toda	tcx	Toda
Tofa	kim	Karagas
Tojolabal	toj	Tojolabal
Tokelauan	tkl	Tokelau
Tok Pisin	tpi	Tok Pisin
Tokunoshima	tkn	Toku-No-Shima
Tolai	ksd	Kuanua
Tolaki	lbw	Tolaki
Tolowa	tol	Tolowa
Tombonuwo	txa	Tombonuo
Tombulu	tom	Tombulu
Tondano	tdn	Tondano
Tonga	ton	Tonga (Tonga Islands)
Tongan	ton	Tonga (Tonga Islands)
Tongva	xgf	Gabrielino-Fernandeño
Tonkawa	tqw	Tonkawa
Tonsawang	tnw	Tonsawang
Tooro	ttj	Tooro
Toposa	toq	Toposa
Toqabaqita	mlu	To'abaita
Toraja-Sa'dan	sda	Toraja-Sa'dan
Torwali	trw	Torwali
Toto	txo	Toto
Totontepec Mixe	mto	Totontepec Mixe
Touo	tqu	Touo
Transylvanian Saxon	deu	German
Tsafiki	cof	Cofán
Tsakhur	tkr	Tsakhur
Tsakonian	tsd	Tsakonian
Torres-Strait Creole	tcs	Torres Strait Creole
Tsez	ddo	Dido
Tshangla	tsj	Tshangla
Tshiluba	lua	Luba-Lulua
Tsimshian	tsi	Tsimshian
Tsonga	tso	Tsonga
Tsou	tsu	Tsou
TsudaqarTsuut'ina, Tsudaqar	srs	Sarsi
Tswa	tsc	Tswa
Tswana	tsn	Tswana
Tuamotuan	pmt	Tuamotuan
Tucano	tuo	Tucano
Tugen	tuy	Tugen
Tukang Besi	bhq	Tukang Besi South
Tumak	tmc	Tumak
Tumbuka	tum	Tumbuka
Tumulung Sisaala	sil	Tumulung Sisaala
Tunica	tun	Tunica
Turka	tuz	Turka
Turkana	tuv	Turkana
Tuscarora	tus	Tuscarora
Tutchone	tce	Southern Tutchone
Tuvaluan	tvl	Tuvalu
Tuyuca	tue	Tuyuca
Twi	twi	Twi
Tzeltal	tzh	Tzeltal
Tzotzil	tzo	Tzotzil
Tzʼutujiil	tzj	Tz'utujil
Ubang	uba	Ubang
Ubir	ubr	Ubir
Ubykh	uby	Ubykh
Udmurt	udm	Udmurt
Uduk	udu	Uduk
Ughele	uge	Ughele
Ukrainian	ukr	Ukrainian
Ulch	ulc	Ulch
Ulithian	uli	Ulithian
Ulumandaʼ	ulm	Ulumanda'
Uma	ppk	Uma
Umbundu	umb	Umbundu
Sámi (Ume), Ume Sámi	sju	Ume Sami
Umiray Dumaget	due	Umiray Dumaget Agta
Unami (Lenape)	unm	Unami
Uneapa	bbn	Uneapa
Upper Tanana	tau	Upper Tanana
Urak Lawoiʼ	urk	Urak Lawoi'
Urarina	ura	Urarina
Urdu	urd	Urdu
Urhobo	urh	Urhobo
Uropi
Urum	uum	Urum
Uspantek	usp	Uspanteco
Vadi	wkd	Wakde
Vaeakau-Taumako	pil	Yom
Valencian	cat	Catalan
Vamale	mkt	Vamale
Värmlandic	svf	Sere
Vatlongos (Southeast Ambrym), Vatlongos	tvk	Southeast Ambrym
Venda	ven	Venda
Venetian	vec	Venetian
Vengo	bav	Vengo
Vietnamese	vie	Vietnamese
Vili	vif	Vili
Vitu	wiv	Vitu
Volapük	vol	Volapük
Võro	vro	Võro
Votic	vot	Votic
Vurës	msn	Vurës
Vwanji	wbi	Vwanji
Wa	wbm	Wa
Waama	wwa	Waama
Waata	ssn	Waata
Wa'di	wbf	Wara
Waiwai	waw	Waiwai
Wallisian	wls	Wallisian
Walloon	wln	Walloon
Wambaya	wmb	Wambaya
Wambule	wme	Wambule
Wamesa	wad	Wamesa
Wanetsi	wne	Waneci
Wantoat	wnc	Wantoat
Waorani	auc	Waorani
Wapishana	wap	Wapishana
Warao	wba	Warao
Waray-Waray	war	Waray (Philippines)
Wardaman	wrr	Wardaman
Warlpiri	wbp	Warlpiri
Washo	was	Washo
Wayampi	oym	Wayampi
Wayana	way	Wayana
Wayuu	guc	Wayuu
Wejewa	wew	Wejewa
Wemba Wemba	www	Wawa
Western Fijian	wyy	Western Fijian
Western Neo-Aramaic	amw	Western Neo-Aramaic
Western Pwo	pwo	Pwo Western Karen
Western Rote
Western Sisaala	ssl	Western Sisaala
Western Subanon	suc	Western Subanon
Western Yugur	ybe	West Yugur
West Polesian
West Teke
West Uvean	uve	West Uvean
Wichí Lhamtés Güisnay	mzh	Wichí Lhamtés Güisnay
Wichí Lhamtés Nocten	mtp	Wichí Lhamtés Nocten
Wichí Lhamtés Vejoz, Wichí Lhamtés Vojez	wlv	Wichí Lhamtés Vejoz
Wichita	wic	Wichita
Wik-Mungkan	wim	Wik-Mungkan
Wintu	wnw	Wintu
Wiradjuri	wrh	Wiradjuri
Wiyot	wiy	Wiyot
Wobé	wob	Wè Northern
Wolaytta	wal	Wolaytta
Woleaian	woe	Woleaian
Wolio	wlo	Wolio
Wukchumni	yok	Yokuts
Wyandot (Huron), Wendat	wdt	Wendat
Wymysorys	wym	Wymysorys
Xamtanga	xan	Xamtanga
Xârâcùù	ane	Xârâcùù
Xhosa	xho	Xhosa
Xong	tuh	Taulil
Yaaku	muu	Yaaku
Yabem	jae	Yabem
Yaeyama	rys	Yaeyama
Yaghan	yag	Yámana
Yaka	yaf	Yaka (Democratic Republic of Congo)
Yakama	yak	Yakama
Yakan	yka	Yakan
Yakkha	ybh	Yakha
Yakut (Sakha), Yakut	sah	Yakut
Yamba	yam	Yamba
Tao (Yami), Yami	tao	Yami
Yaminawa	yaa	Yaminahua
Yanesha'	ame	Yanesha'
Yang Zhuang	zyg	Yang Zhuang
Yankunytjatjara	kdd	Yankunytjatjara
Yansi	yns	Yansi
Yao	yao	Yao
Yapese	yap	Yapese
Yaqui	yaq	Yaqui
Yasa	yko	Yasa
Yawuru	ywr	Yawuru
Yeʼkuana	mch	Maquiritari
Yele	yle	Yele
Yemba	ybb	Yemba
Yevanic	yej	Yevanic
Yeyi	yey	Yeyi
Yiddish	yid	Yiddish
Yidgha	ydg	Yidgha
Yimchungrü	yim	Yimchungru Naga
Yindjibarndi	yij	Yindjibarndi
Yine	pib	Yine
Yocoboué Dida	gud	Yocoboué Dida
Yogad	yog	Yogad
Yola	yol	Yola
Yolŋu	ygs	Yolŋu Sign Language
Yom	pil	Yom
Yonaguni	yoi	Yonaguni
Yoron	yox	Yoron
Yoruba	yor	Yoruba
Maya (Yucatec), Yucatec Maya	yua	Yucateco
Yuchi/Euchee	yuc	Yuchi
Yucuna	ycn	Yucuna
Yukaghir (Northern / Tundra)	ykg	Northern Yukaghir
Yukpa	yup	Yukpa
Yup'ik (Central Alaskan)	esu	Central Yupik
Yurok	yur	Yurok
Yurutí	yui	Yurutí
Záparo	zro	Záparo
Zapotec (Aloápam)	zaq	Aloápam Zapotec
Zapotec (Choápam)	zpc	Choapan Zapotec
Zapotec (Güilá)	ztu	Güilá Zapotec
Zapotec (Miahuatlán)	zam	Miahuatlán Zapotec
Zapotec (Rincón)	zar	Rincón Zapotec
Zapotec (San Dionisio Ocotepec)
Zapotec (Zoogocho)	zpq	Zoogocho Zapotec
Zapotec (Isthmus)	zai	Isthmus Zapotec
Zarma	dje	Zarma
Zaza(ki), Zazaki	zza	Zaza
Zeelandic	zea	Zeeuws
Zeme	nzm	Zeme Naga
Zenaga	zen	Zenaga
Zigula	ziw	Zigula
Zinza	zin	Zinza
Zotung	czt	Zotung Chin
Zou	zom	Zou
Zulgo-Gemzek	gnd	Zulgo-Gemzek
Zulu	zul	Zulu
Zuni	zun	Zuni
Zuwara Berber
Aari	aiw	Aari
Abaza	abq	Abaza
Abkhaz	abk	Abkhazian
Adamaua Fulfulde	fub	Adamawa Fulfulde
Afrikaans	afr	Afrikaans
A-Hmao	hmd	Large Flowery Miao
Ainu	ain	Ainu (Japan)
Akha	ahk	Akha
Albanian	sqi	Albanian
Aleut	ale	Aleut
Altay	atv	Northern Altai
Aromanian	rup	Macedo-Romanian
Arvanitic	aat	Arvanitika Albanian
Assyrian / Neo-Assyrian	aii	Assyrian Neo-Aramaic
Atong	aot	Atong (India)
Azerbaijani, Azeri	aze	Azerbaijani
Balanta-Ganja	bjt	Balanta-Ganja
Karachay-Balkar, Balkar	krc	Karachay-Balkar
Balti	bft	Balti
Bambara	bam	Bambara
Bashkir	bak	Bashkir
Dane-zaa (Beaver), Beaver	bea	Beaver
Belarusian	bel	Belarusian
Belhare	byw	Belhariya
Bench	bcq	Bench
Bhili	bhb	Bhili
Bhojpuri	bho	Bhojpuri
Bhumij	bcf	Bamu
Bilaspuri	kfs	Bilaspuri
Blin	byn	Bilin
Bodo	brx	Bodo (India)
Bokar
Bosnian	bos	Bosnian
Brahui	brh	Brahui
Bugis	bug	Buginese
Buryat	bua	Buriat
Car	krv	Kavet
Chambeali	cdh	Chambeali
Chechen	che	Chechen
Chhattisgarhi	hne	Chhattisgarhi
Chipewyan	chp	Chipewyan
Chittagonian	ctg	Chittagonian
Comorian	swb	Maore Comorian
Crimean Tatar	crh	Crimean Tatar
Arabic (Cypriot), Cypriot Arabic	acy	Cypriot Arabic
Dargwa	dar	Dargwa
Daur	dta	Daur
Dhatki	mki	Dhatki
Digaro Mishmi	mhu	Digaro-Mishmi
Dioula	dyu	Dyula
Dogri	dgo	Dogri (individual language)
Domari	rmt	Domari
Evenki	evn	Evenki
Gaddi	gbk	Gaddi
Gagauz	gag	Gagauz
Garo	grt	Garo
Griko	ell	Modern Greek (1453-)
Gumuz	guk	Gumuz
Halbi	hlb	Halbi
Hamer(-Banna)	amf	Hamer-Banna
Hausa	hau	Hausa
Hill Miri
Ho	hoc	Ho
Ilocano, Iloko (Ilocano)	ilo	Iloko
Ingush	inh	Ingush
Interslavic	isv	Interslavic
Inuinnaqtun	ikt	Inuinnaqtun
Irish	gle	Irish
Jarawa	anq	Jarawa (India)
Jirel	jul	Jirel
Juhuri	jdt	Judeo-Tat
Kabyle	kab	Kabyle
Kagate	syw	Kagate
Kalderash Romani	rmy	Vlax Romani
Kapampangan	pam	Pampanga
Karaim	kdr	Karaim
Karakalpak	kaa	Kara-Kalpak
Karbi	mjw	Karbi
Karelian	krl	Karelian
Karen (S'gaw), S'gaw Karen	ksw	S'gaw Karen
Kashmiri	kas	Kashmiri
Katu	ktv	Eastern Katu
Kazakh	kaz	Kazakh
Ket	ket	Ket
Khakas	kjh	Khakas
Kharia	khr	Kharia
Khasi	kha	Khasi
Khinalug	kjj	Khinalugh
Khorasani Turkic	kmz	Khorasani Turkish
Kyrgyz	kir	Kirghiz
Koch	kdq	Koch
Kodava	kfa	Kodava
Kokborok	trp	Kok Borok
Komi	kom	Komi
Komo (Nilo-Saharan), Komo	xom	Komo (Sudan)
Konkani	kok	Konkani (macrolanguage)
Koryak	kpy	Koryak
Krymchak	jct	Krymchak
Kullui	kfx	Kullu Pahari
Kumandy	alt	Southern Altai
Kumyk	kum	Kumyk
Kurdish	kur	Kurdish
Kurmali	kyw	Kudmali
Kuy	kdt	Kuy
Lambadi	lmn	Lambadi
Latin	lat	Latin
Lezgi	lez	Lezghian
Lingua Franca Nova	lfn	Lingua Franca Nova
Lithuanian	lit	Lithuanian
Lop	lop	Lopa
Ludic	lud	Ludian
Maba	mde	Maba (Chad)
Madurese	mad	Madurese
Maguindanao	mdh	Maguindanaon
Makasarese	mak	Makasar
Malay	msa	Malay (macrolanguage)
Malto	mjt	Sauria Paharia
Mandar	mdr	Mandar
Mandeali	mjl	Mandeali
Mandinka	mnk	Mandinka
Marwari	mwr	Marwari
Mnong	mno	Central Mnong
Montenegrin	cnr	Montenegrin
Cree (Moose)	crm	Moose Cree
Mozarabic	mxi	Mozarabic
Mundari	unr	Mundari
Nancowry	nic	Central Nicobarese
Nenets	yrk	Nenets
Nishi	njz	Nyishi
Noakhailla	oak	Noakhali
Nogai	nog	Nogai
Okinawan	ryu	Central Okinawan
Onge	oon	Önge
Ossetian	oss	Ossetian
Pangwali	pgg	Pangwali
Cree (Plains)	crk	Plains Cree
Pontic Greek	pnt	Pontic
Rajasthani	raj	Rajasthani
Rangpuri	rkt	Rangpuri
Riffian	rif	Tarifit
Rohingya	rhg	Rohingya
Romanian	ron	Romanian
Rushani	sgh	Shughni
Sadri	sck	Sadri
Salar	slr	Salar
Sanskrit	san	Sanskrit
Saraiki	skr	Saraiki
Serbian	srp	Serbian
Serer	srr	Serer
Sherpa	xsr	Sherpa
Shilha (Tashelhit)	shi	Tachelhit
Shina	scl	Shina
Shughni	sgh	Shughni
Siberian Tatar	sty	Siberian Tatar
Sidama	sid	Sidamo
Slovio
Somali	som	Somali
Soninke	snk	Soninke
Cree (Swampy)	csw	Swampy Cree
Tagalog	tgl	Tagalog
Tai Dón	twh	Tai Dón
Tai Yo	tjl	Tai Laing
Talysh	tly	Talysh
Tamang	taj	Eastern Tamang
Tamasheq	taq	Tamasheq
Tatar	tat	Tatar
Tausūg	tsg	Tausug
Tawallammat Tamajaq	ttq	Tawallammat Tamajaq
Tayart Tamajeq	thz	Tayart Tamajeq
Malay (Terengganu)
Ternate	tft	Ternate
Sámi (Ter), Ter Sámi	sjt	Ter Sami
Thai Song	soa	Thai Song
Turkish	tur	Turkish
Turkmen	tuk	Turkmen
Turoyo	tru	Turoyo
Tuvan	tyv	Tuvinian
Udege	ude	Udihe
Udi	udi	Udi
Uyghur	uig	Uighur
Uzbek	uzb	Uzbek
Veps	vep	Veps
Wakhi	wbl	Wakhi
Wancho	nnp	Wancho Naga
Welsh	cym	Welsh
Frisian (West), West Frisian	fry	Western Frisian
Wolof	wol	Wolof
Cree (Woods)	cwd	Woods Cree
Yaghnobi	yai	Yagnobi
Yazghulami	yah	Yazgulyam
Yolmo	scp	Hyolmo
Zaiwa	atb	Zaiwa
Chinese (Fuzhounese)	cdo	Min Dong Chinese
Chinese (Gan)	gan	Gan Chinese
Chinese (Hakka)	hak	Hakka Chinese
Chinese (Puxian)	cpx	Pu-Xian Chinese
Chinese (Shanghainese)	wuu	Wu Chinese
Chinese (Teochew)	nan	Min Nan Chinese
Chinese (Weitou)	yue	Yue Chinese
Chinese (Wu)	wuu	Wu Chinese
Chinese (Xiang)	hsn	Xiang Chinese
Chinese (Yue)	yue	Yue Chinese
Akuapem	twi	Twi
Assamese	asm	Assamese
Badaga	bfq	Badaga
Basaa	bas	Basa (Cameroon)
Chayahuita	cbt	Chayahuita
Chungli Ao	njo	Ao Naga
Gaulish	xcg	Cisalpine Gaulish
Guanche	gnc	Guanche
Hmong	hmn	Hmong
Inabaknon	abx	Inabaknon
Itbayat	ivb	Ibatan
Kufa	kxh	Karo (Ethiopia)
Kankanaey	kne	Kankanaey
Khün	kkh	Khün
Mari (Hill)	mrj	Western Mari
Mari (Meadow)	mhr	Eastern Mari
Mari (Northwestern)	jmy	Mycenaean Greek
Mbugu	mhd	Mbugu
Northern Thai (Kam Mueang)	nod	Northern Thai
Nyangatom	nnj	Nyangatom
Old English	ang	Old English (ca. 450-1100)
Paicî	pri	Paicî
Pali	pli	Pali
Proto-Indo-European
Parji / Porja	bdv	Bodo Parja
Karen (Red / Kayah Li)	eky	Eastern Kayah
Sorbian (Lower)	dsb	Lower Sorbian
Sorbian (Upper)	hsb	Upper Sorbian
Sümi	nsm	Sumi Naga
Swiss German	gsw	Swiss German
Tamazight	tzm	Central Atlas Tamazight
Tampuan	tpu	Tampuan
Tartessian	txr	Tartessian
Tujia	tji	Northern Tujia
Tutelo	tta	Tutelo
Wandamen	wad	Wamesa
Yagua	yad	Yagua
Yanomamö	guu	Yanomamö
Yelmek	jel	Yelmek
Arwi
Beary
Bukhori	bhh	Bukharic
Central Tagbanwa	tgt	Central Tagbanwa
Elamite	elx	Elamite
Gen	gej	Gen
Lower Tanana	taa	Lower Tanana
Luang	lex	Luang
Northwest Maidu / Konkow	mjd	Northwest Maidu
Mari	chm	Mari (Russia)
Mbugu	mhd	Mbugu
Nusu	nuf	Nusu
Pali	pli	Pali
Pali	pli	Pali
Pali	pli	Pali
Pali	pli	Pali
Sorbian
Sylheti	syl	Sylheti
Tsuut'ina (Sarcee)	srs	Sarsi
Tuareg	tmh	Tamashek
Yelmek	jel	Yelmek
