aari.xls,Aari
abaza.xls,Abaza
abellen.xls,Abellen
abenaki.xls,Abenaki
abidji.xls,Abidji
abkhaz.xls,Abkhaz
abua.xlsx,Abua
abui.xls,Abui
acazulcootomi.xls,Acazulco Otomi
achagua.xls,Achagua
achang.xls,Achang
acehnese.xls,Acehnese
acheron.xls,Acheron
achi.xls,Achi
achiktokbirim.xls,A-chik Tokbirim
acholi.xls,Acholi
achuar-shiwiar.xls,Achuar-Shiwiar
achumawi.xls,Achumawi
adaizan.xls,Adaizan
adamaua.xls,Adamaua Fulfulde
adhola.xlsx,Adhola
adinkra.xls,Adinkra
adlam.xls,Adlam
adyghe.xls,Adyghe
adzera.xls,Adzera
afar.xls,Afar
afitti.xlsx,Afitti
afrikaans.xls,Afrikaans
aghul.xls,Aghul
aguaruna.xls,Aguaruna
agutaynen.xls,Agutaynen
ahamb.xls,Ahamb
ahanta.xls,Ahanta
ahmao.xls,A-Hmao
ahom.xls,Ahom
ahtna.xls,Ahtna
aima.xls,Aima (Koloma / Kokborok)
ainu.xls,Ainu
aiton.xls,Aiton
aiwoo.xls,Äiwoo
aja.xls,Aja
ajie.xls,Ajië
aka.xlsx,Aka
akajeru.xls,Aka-Jeru
akatek.xls,Akatek
akan.xls,Akan
akawaio.xls,Akawaio
akha.xlsx,Akha
akhvakh.xls,Akhvakh
akkadian.xls,Akkadian
akkalasami.xls,Akkala Sámi
aklan.xls,Aklan
akuapem.xlsx,Akuapem
akurio.xls,Akurio
alabama.xls,Alabama
alasha.xls,Alasha
albanian.xls,Albanian
alchemicalsymbols.xls,Alchemical symbols
aleut.xls,Aleut
aljamiado.xls,Aljamiado (Morisco)
alorese.xls,Alorese
alsatian.xls,Alsatian
altay.xls,Altay
alur.xls,Alur
alutiiq.xls,Alutiiq
alyawarr.xls,Alyawarr
alyutor.xls,Alyutor
amami.xls,Amami
amahuaca.xls,Amahuaca
amarakaeri.xls,Amarakaeri
ambai.xls,Ambai
ambala.xls,Ambala
amdotibetan.xls,Amdo Tibetan
amele.xls,Amele
amis.xls,Amis
amharic.xls,Amharic
amkoe.xlsx,ǂʼAmkoe
ancashquechua.xls,Ancash Quechua
andi.xls,Andi
andoa.xls,Andoa
aneityum.xls,Aneityum
angami.xls,Angami
angelic.xls,Angelic
angika.xls,Angika
oldenglish.xls,Anglo-Saxon / Old English
futhorc.xls,Anglo-Saxon Runes (Futhorc)
anuak.xlsx,Anuak
anuki.xls,Anuki
anutan.xls,Anutan
anyin.xls,Anyin
apache.xls,Apache
apatani.xlsx,Apatani
apma.xls,Apma
apurina.xls,Apurinã
arabela.xls,Arabela
arabic_algeria.xls,Arabic (Algerian)
arabic_bedawi.xls,Arabic (Bedawi)
arabic_chadian.xls,Arabic (Chadian)
arabic_cypriot.xls,Arabic (Cypriot)
arabic_egyptian.xls,Arabic (Egyptian)
arabic_gulf.xls,Arabic (Gulf)
arabic_hassaniya.xls,Arabic (Hassaniya)
arabic_hejazi.xls,Arabic (Hejazi)
arabic_lebanese.xls,Arabic (Lebanese)
arabic_libyan.xls,Arabic (Libyan)
arabic_msa.xls,Arabic (Modern Standard)
arabic_morocco.xls,Arabic (Moroccan)
arabic_sudanese.xlsx,Arabic (Sudanese)
arabic_syrian.xls,Arabic (Syrian)
arabic_tunisian.xls,Arabic (Tunisian)
aragonese.xls,Aragonese
arakanese.xls,Arakanese
araki.xls,Araki
aramaic.xls,"Aramaic (Early Aramaic, Imperial Aramaic, Aramaic Square script, Chaldean Neo-Aramaic, Jewish Neo-Aramaic, Turoyo, Western Neo-Aramaic)"
aranese.xls,Aranese
arapaho.xls,Arapaho
arawak.xls,Arawak
archi.xls,Archi
arvanitic.xls,Arvanitic
are.xls,Are
areare.xls,ꞌAreꞌare
arhuaco.xls,Arhuaco
arikara.xls,Arikara
aringa.xls,Aringa
ariyaka.xls,Ariyaka
armenian.xls,Armenian
armenoturkish.xls,Armeno-Turkish
aromanian.xls,Aromanian
arosi.xls,Arosi
arrernte.xls,Arrernte
arta.xls,Arta
arwi.xls,Arwi
ashaninka.xls,Asháninka
asheninka.xls,Ashéninka
assamese.xls,Assamese
neoassyrian.xls,Assyrian Neo-Aramaic
asturian.xls,Asturian
atayal.xls,Atayal
ateso.xls,Ateso
athpare.xls,Athpare
atikamekw.xls,Atikamekw
atlantean.xls,Atlantean
atong.xls,Atong
auhelawa.xls,ʼAuhelawa
aurebesh.xlsx,Aurebesh
aushi.xlsx,Aushi
auvergnat.xls,Auvergnat
avar.xls,Avar
avatime.xls,Avatime
avava.xls,Avava
avestan.xls,Avestan
avokaya.xls,Avokaya
awadhi.xls,Awadhi
awakatek.xls,Awakatek
awapit.xls,Awa Pit
awara.xls,Awara
awing.xls,Awing
ayacuchoquechua.xls,Ayacucho Quechua
ayizo.xls,Ayizo
aymara.xls,Aymara
aynu.xls,Äynu
ayoreo.xlsx,Ayoreo
azeri.xls,Azerbaijani
babatana.xls,Babatana
babine.xls,Babine-Witsuwit'en
badaga.xls,Badaga
bade.xls,Bade
baduy.xlsx,Baduy
bafanji.xls,Bafanji
bafaw-balong.xlsx,Bafaw-Balong
bagirmi.xlsx,Bagirmi
bagri.xls,Bagri
bagvalal.xls,Bagvalal
bahing.xls,Bahing
bahnar.xlsx,Bahnar
bai.xls,Bai
bajaw.xls,Bajaw
baka.xls,Baka
bakairi.xls,Bakairi
bakati.xlsx,Bakatiʼ
balangao.xls,Balangao
balantaganja.xls,Balanta-Ganja
balantakentohe.xls,Balanta-Kentohe
balantak.xls,Balantak
balinese.xls,Balinese
balti.xls,Balti
baltia.xls,Balti-A script
baltib.xls,Balti_B script
bambalang.xlsx,Bambalang
bambam.xls,Bambam
bambara.xls,Bambara
bambassi.xls,Bambassi
bamum.xls,Bamum
bamunka.xls,Bamunka
bana.xlsx,Bana
bandial.xls,Bandial
banggai.xlsx,Banggai
bangi.xls,Bangi
baniwa.xls,Baniwa
guainia.xls,Baniwa of Guainía
banjarese.xls,Banjarese
bantawa.xls,Bantawa
bantayanon.xls,Bantayanon
bantik.xls,Bantik
bantoanon.xls,Bantoanon
baoule.xls,Baoulé
barai.xls,Barai
barbareno.xls,Barbareño
bardi.xls,Bardi
barein.xls,Barein
bari.xls,Bari
bariai.xlsx,Bariai
bariba.xls,Bariba
barin.xls,Barin
bashkir.xls,Bashkir
basque.xls,Basque
bassa.xls,Bassa
bassari.xls,Bassari
batak.xls,Batak
batakangkola.xls,Batak Angkola
batakdairi.xls,Batak Dairi
batakkaro.xls,Batak Karo
batakmandailing.xls,Batak Mandailing
bataksimalungun.xls,Batak Simalungun
bataktoba.xls,Batak Toba
batsbi.xls,Batsbi
batuley.xls,Batuley
baure.xls,Baure
bawm.xlsx,Bawm
baybayanon.xls,Baybayanon
beami.xlsx,Beami
beary.xls,Beary
beembe.xlsx,Beembe
vithkuqi.xls,Beitha Kukju / Veithkuqi
beja.xls,Beja
belait.xlsx,Belait
belandabor.xlsx,Belanda Bor
belandaviri.xlsx,Belanda Viri
belarusian.xls,Belarusian
belhare.xls,Belhare
beli.xls,Beli
bemba.xls,Bemba
bena.xls,Bena
bench.xls,Bench
benga.xls,Benga
bengali.xls,Bengali
bengkulu.xls,Bengkulu
berba.xls,Berba
berom.xls,Berom
betawi.xls,Betawi
bezhta.xls,Bezhta
bhaca.xls,Bhaca
bhaiksuki.xls,Bhaiksuki
bhili.xls,Bhili
bhojpuri.xls,Bhojpuri
bhumij.xls,Bhumij
biak.xlsx,Biak
biatah.xlsx,Biatah
biete.xls,Biete
bignumbas.xls,Big Numbas
bikol.xls,Bikol
bila.xlsx,Bila
bilaspuri.xls,Bilaspuri
biloxi.xls,Biloxi
bilua.xls,Bilua
bima.xls,Bima
bimin.xlsx,Bimin
bininjkunwok.xls,Bininj Kunwok
binukid.xls,Binukid
binumarien.xls,Binumarien
birifor-northern.xls,Birifor (Northern)
birifor-southern.xls,Birifor (Southern)
bishnupriyamanipuri.xls,Bishnupriya Manipuri
bislama.xls,Bislama
bissa.xlsx,Bissa
bisu.xls,Bisu
blaan.xls,Blaan
blackfoot.xls,Blackfoot
blagar.xls,Blagar
blin.xls,Blin
bola.xls,Bola
bole.xls,Bole
bodo.xls,Bodo
boko.xls,Boko
bolinao.xls,Bolinao
bolyu.xls,Bolyu
bonggi.xls,Bonggi
bongo.xls,Bongo
bontoc.xls,Bontoc
bora.xls,Bora
bori.xlsx,Bori
borong.xls,Borong
borgu.xls,Borgu Fulfulde
bosnian.xls,Bosnian
botlikh.xls,Botlikh
botolan.xls,Botolan
bouyei.xls,Bouyei
brahmi.xls,Brahmi
brahui.xls,Brahui
braj.xls,Braj
brao.xlsx,Brao
breton.xls,Breton
bribri.xls,Bribri
bruneimalay.xlsx,Brunei Malay
bube.xlsx,Bube
budu.xlsx,Budu
bugan.xls,Bugan
bugis.xls,Bugis(nese)
bugkalot.xls,Bugkalot
buglere.xlsx,Buglere
buhid.xls,Buhid
buhutu.xls,Buhutu
bujeba.xlsx,Bujeba
bukar-sadong.xlsx,Bukar–Sadong
bukid.xls,Bukid
bukiyip.xlsx,Bukiyip
bukusu.xls,Bukusu
bulgarian.xls,Bulgarian
bulu.xls,Bulu
bunak.xls,Bunak
bundjalung.xls,Bundjalung
bungku.xls,Bungku
bunun.xls,Bunun
buol.xls,Buol
burarra.xls,Burarra
burmese.xls,Burmese
burum.xlsx,Burum
burushaski.xls,Burushaski
busa.xls,Busa
bushi.xls,Bushi
bushong.xls,Bushong
butuanon.xls,Butuanon
bwaidoka.xls,Bwaidoka
caac.xls,Caac
cabecar.xls,Cabécar
caddo.xls,Caddo
cajamarcaquechua.xls,Cajamarca Quechua
calo.xls,Caló
caluyanon.xls,Caluyanon
cas.xls,Canadian Aboriginal Syllabics
candoshishapra.xls,Candoshi-Shapra
capeverdeancreole.xls,Cape Verdean Creole
capiznon.xls,Capiznon
caquinte.xls,Caquinte
carapana.xls,Carapana
carian.xls,Carian
carib.xls,Carib
carijona.xls,Carijona
carrier.xls,Carrier
casiguran.xls,Casiguran Dumagat Agta
catalan.xls,Catalan
catio.xls,Catio
caucasianalbanian.xls,Caucasian Albanian
cayuga.xls,Cayuga
cebaara.xls,Cebaara
cebuano.xls,Cebuano
cemuhi.xls,Cèmuhî
centraldusun.xlsx,Central Dusun
centralkilimanjaro.xlsx,Central Kilimanjaro
centralteke.xls,Central Teke
chagatai.xls,Chagatai
chakhar.xls,Chakhar
chakma.xls,Chakma
chakosi.xls,Chakosi
chamacoco.xlsx,Chamacoco
chamalal.xls,Chamalal
chambeali.xls,Chambeali
chami.xlsx,Chami
chamicuro.xls,Chamicuro
chamorro.xls,Chamorro
chana.xls,Chaná
chang.xls,Chang
chapalaa.xls,Cha'palaa(chi)
chatino.xls,Chatino
chaura.xls,Chaura
chavacano.xls,Chavacano
chayahuita.xls,Chayahuita
chechen.xls,Chechen
chekeholo.xls,Cheke Holo
chelkan.xls,Chelkan
cherepon.xlsx,Cherepon
cherokee.xls,Cherokee
chhantyal.xls,Chhantyal
chhattisgarhi.xls,Chhattisgarhi
chicahuaxtlatriqui.xls,Chicahuaxtla Triqui
chichewa.xls,Chichewa
chickasaw.xls,Chickasaw
chilcotin.xls,Chilcotin
chimalapazoque.xls,Chimalapa Zoque
chinook.xls,Chinook
chippewa.xls,Chippewa
chinateco.xls,Chinanteco
cantonese.xls,Chinese (Cantonese)
hakka.xls,Chinese (Hakka)
mandarin.xls,Chinese (Mandarin)
taiwanese.xls,Chinese (Taiwanese)
taiwanesehakka.xls,Chinese (Taiwanese Hakka)
xiang.xls,Chinese (Xiang)
chipewyan.xls,Chipewyan
chiru.xlsx,Chiru
chitimacha.xls,Chitimacha
chittagonian.xls,Chittagonian
chochangacha.xls,Chocha Ngacha
choctaw.xls,Choctaw
chokwe.xls,Chokwe
chol.xls,Chʼol
choni.xls,Choni
chontalmaya.xls,Chontal Maya
chorasmian.xls,Chorasmian
chorti.xls,Chorti
chrau.xls,Chrau
chru.xls,Chru
chukchansi.xls,Chukchansi
chukchi.xls,Chukchi
chulym.xls,Chulym
chumburung.xls,Chumburung
chungliao.xls,Chungli Ao
chuukese.xls,Chuukese
chuvash.xls,Chuvash
cipu.xls,Cipu
cistercian-numbers.xls,Cistercian Numbers
coastalkadazan.xlsx,Coastal Kadazan
coatzospanmixtec.xls,Coatzospan Mixtec
cocama.xls,Cocama
coeurdalene.xls,Coeur d'Alene
cofan.xls,Cofán
comanche.xls,Comanche
comorian.xls,Comorian
comox.xls,Comox
copalatriqui.xls,Copala Triqui
coptic.xls,Coptic
cora.xls,Cora
cornish.xls,Cornish
corsican.xls,Corsican
cree.xls,Cree syllabics
eastcree.xls,Cree (East)
moosecree.xls,Cree (Moose)
plainscree.xls,Cree (Plains)
swampycree.xls,Cree (Swampy)
woodscree.xls,Cree (Woods)
crimeantatar.xls,Crimean Tatar
croatian.xls,Croatian
cumbraec.xls,Cumbric
curripaco.xls,Curripaco
cuzcoquechua.xls,Cuzco Quechua
cypriot.xls,Cyriot Syllabary
cyrillic.xls,Cyrillic script
czech.xls,Czech
daakaka.xls,Daakaka
daasanach.xls,Daasanach
dadibi.xls,Dadibi
daga.xls,Daga
dagaare.xls,Dagaare
dagbani.xls,Dagbani
dajumongo.xlsx,Daju Mongo
dakota.xls,Dakota
dan.xls,Dan
dannanshanmiao.xls,Dananshan Miao
beaver.xls,Dane-zaa (Beaver)
dangaleat.xls,Dangaléat
dangme.xls,Dangme
danish.xls,Danish
danwar.xls,Danwar
darmiya.xls,Darmiya
datooga.xlsx,Datooga
daur.xls,Daur
daza.xls,Daza
dciriku.xlsx,Dciriku
defaka.xlsx,Defaka
degema.xlsx,Degema
degxinag.xls,Deg Xinag
dehongdai.xls,Dehong Dai / Tai Le
dengebu.xls,Dengebu
denaina.xls,Denaʼina
desano.xls,Desano
dhankari.xls,Dhankari
dharawal.xls,Dharawal
dhatki.xls,Dhatki
dhimal.xls,Dhimal
dhundari.xls,Dhundari
digaro.xls,Digaro Mishmi
digo.xlsx,Digo
dilling.xlsx,Dilling
dinka.xls,Dinka
dirasha.xlsx,Dirasha
ditidaht.xls,Ditidaht
diyari.xls,Diyari
djabugay.xlsx,Djabugay
djinang.xls,Djinang
dogra.xls,Dogra
domari.xls,Domari
dominicancreole.xls,Dominican Creole French
dorig.xls,Dorig
doteli.xls,Doteli
drehu.xls,Drehu
drung.xls,Drung
duala.xls,Duala
dumi.xls,Dumi
dungan.xls,Dungan
dupaningan.xls,Dupaningan
duri.xls,Duri
dutch.xls,Dutch
dzongkha.xls,Dzongkha
ebira.xlsx,Ebira
efik.xls,Efik
egene.xlsx,Egene
hieroglyphs.xls,Egytian Hieroglyphs
ekokakung.xls,Ekoka ǃKung
ekpeye.xlsx,Ekpeye
elbasan.xls,Elbasan
elymaic.xls,Elymaic
emae.xls,Emae
emerillon.xls,Emerillon
enawenawe.xlsx,Enawene Nawe
ende.xls,Ende
enets.xls,Enets
enggano.xlsx,Enggano
english.xls,English
enindhilyagwa.xls,Enindhilyagwa
eperara.xls,Eperara
erromintxela.xls,Erromintxela
erzya.xls,Erzya
esan.xlsx,Esan
esimbi.xls,Esimbi
esperanto.xls,Esperanto
estonian.xls,Estonian
eton.xls,Eton
etruscan.xls,Etruscan
even.xls,Even
evenki.xls,Evenki
ewe.xls,Ewe
ewondo.xls,Ewondo
eyak.xls,Eyak
falam.xls,Falam
fanagalo.xls,Fanagalo
fang.xls,Fang
fante.xls,Fante
faroese.xls,Faroese
fataluku.xlsx,Fataluku
fefe.xls,Feʼfeʼ
fijihindi.xls,Fiji Hindi
finnishkalo.xls,Finnish Kalo
folkspraak.xls,Folkspraak
fon.xls,Fon
foodo.xls,Foodo
fordata.xls,Fordata
fox.xls,Fox
frafra.xls,Frafra
fraktur.xls,Fraktur
guyanais.xls,French Guianese Creole
eastfrisian.xls,Frisian (East)
frisian-west.xls,Frisian (West)
fula.xls,Fula(ni)
fuliiru.xlsx,Fuliiru
futuna-aniwa.xls,Futuna-Aniwa
futunan.xls,Futunan
fuyukyrgyz.xls,Fuyu Kyrgyz
fuzhounese.xls,Fuzhounese
fwe.xlsx,Fwe
ga.xls,Ga
gaam.xlsx,Gaam
gaddang.xls,Gaddang
gaddi.xls,Gaddi
gagauz.xls,Gagauz
galela.xls,Galela
galician.xls,Galician
gallo.xls,Gallo
galo.xls,Galo
galoli.xls,Galoli
gamilaraay.xls,Gamilaraay
gan.xls,Gan
garawa.xls,Garawa
garifuna.xls,Garifuna
garhwali.xls,Garhwali
gawar.xls,Gawar
gawarbati.xls,Gawar-Bati
gascon.xls,Gascon
gaulish.xls,Gaulish
gawri.xls,Gawri
gawwada.xls,Gawwada
gayo.xls,Gayo
gela.xls,Gela
gen.xls,Gen
generalchinese.xls,General Chinese
genoese.xls,Genoese
georgian.xls,Georgian
german.xls,German
ghadames.xls,Ghadamès
ghari.xls,Ghari
ghomala.xls,Ghomalaʼ
ghomara.xls,Ghomara
ghulfan.xlsx,Ghulfan
gija.xls,Gija
giryama.xlsx,Giryama
gitxsan.xls,Gitxsan
glagolitic.xls,Glagolitic
glosa.xlsx,Glosa
godie.xls,Godié
godoberi.xls,Godoberi
goemai.xls,Goemai
gogo.xls,Gogo
gondi.xls,Gondi
gonja.xls,Gonja
gooniyandi.xls,Gooniyandi
goral.xls,Goral
gorontalo.xls,Gorontalo
gothic.xls,Gothic
gottscheerish.xls,Gottscheerish
gourmanchema.xls,Gourmanchéma
goykanadi.xls,Goykanadi
grantha.xls,Grantha
greek.xls,Greek
greenlandic.xls,Greenlandic
griko.xls,Griko
gronings.xls,Gronings
guadeloupean.xls,Guadeloupean Creole
guambiano.xls,Guambiano
gunjalagondi.xls,Gunjala Gondi
guanano.xls,Guanano
guarani.xls,Guaraní
guaymi.xls,Guaymí
guere.xls,Guere
guernesiais.xls,Guernésiais
gugadja.xls,Gugadja / Kukatja
gui.xls,Gǀui
guineabissaucreole.xls,Guinea-Bissau Creole
gujarati.xls,Gujarati
gumuz.xls,Gumuz
gun.xlsx,Gun
guna.xlsx,Guna
gurmukhi.xls,Gurmukhi
guro.xlsx,Guro
gurung.xls,Gurung
gussi.xls,Gusii
guuguyalandji.xls,Guugu Yalandji
guuguyimithirr.xls,Guugu Yimithirr
gwere.xls,Gwere
gwichin.xls,
hadza.xls,Hadza
haida.xls,Haida
haisla.xls,Haisla
haitiancreole.xls,Haitian Creole
hajong.xls,Hajong
hakha.xls,Hakha
hakka.xls,Hakka
han.xls,Hän
halkomelem.xls,Halkomelem
hamer.xls,Hamer
hamtai.xlsx,Hamtai
hangunol.xls,Hanguñol
hani.xls,Hani
hanifi.xls,Hanifi Rohingya
hanunoo.xls,Hanunó'o
harari.xls,Harari
haroi.xls,Haroi
haryanvi.xls,Haryanvi
hatangkayi.xls,Hatang Kayi
hatran.xls,Hatran
hawaiian.xls,Hawaiian
hawu.xls,Hawu
haya.xls,Haya
hazaragi.xls,Hazaragi
hdi.xlsx,Hdi
hehe.xlsx,Hehe
heiltsuk.xls,Heiltsuk
helong.xlsx,Helong
herero.xlsx,Herero
hidatsa.xls,Hidatsa
hadiyya.xls,Hadiyya
hiligaynon.xls,Hiligaynon
hillmiri.xlsx,Hill Miri
hindi.xls,hindi
hinukh.xls,Hinukh
hirimotu.xls,Hiri Motu
hittite.xls,Hittite
hiw.xls,Hiw
hixkaryana.xls,Hixkaryána
hmar.xls,Hmar
hmongdau.xls,Hmong Dau
hmongnjua.xls,Hmong Njau
hmu.xls,Hmu
hoava.xls,Hoava
hopi.xls,Hopi
huambisa.xls,Huambisa
huarijio.xls,Huarijio
huasteco.xls,Huasteco
huayllawancaquechua.xls,Huaylla Wanca Quechua
huehuetlatepehua.xls,Huehuetla Tepehua
huichol.xls,Huichol
huilliche.xls,Huilliche
huli.xls,Huli
hungarian.xls,Hungarian
hunsrik.xls,Hunsrik
hupa.xls,Hupa
iaai.xls,Iaai
ibaloi.xls,Ibaloi
ibanag.xls,Ibanag
ibinda.xlsx,Ibinda
icelandic.xls,Icelandic
iceve-maci.xls,Iceve-Maci
idaan.xls,Idaʼan
idaxo-isuxa-tiriki.xlsx,Idaxo-Isuxa-Tiriki
idumishmi.xls,Idu Mishmi
igala.xls,Igala
igbo.xls,Igbo
ik.xlsx,Ik
ikoma.xlsx,Ikoma
ikpeng.xls,Ikpeng
ikwerre.xls,Ikwerre
iliturki.xls,Ili Turki
iloko.xls,Ilocano
inabaknon.xls,Inabaknon
inapari.xls,Iñapari
indonesian.xls,Indonesian
ingush.xls,Ingush
innu.xls,Innu
interglossa.xlsx,Interglossa
interlingua.xls,Interlingua
ipa.xls,International Phonetic Alphabet (IPA)
inuinnaqtun.xls,Inuinnaqtun
inuktitut.xls,Inuktitut
inuktun.xls,Inuktun
inupiaq.xls,Iñupiaq
ipai.xls,Ipai
iquito.xls,Iquito
iranun.xls,Iranun
iraqw.xls,Iraqw
iraya.xls,Iraya
irish.xls,Irish
irula.xls,Irula
isan.xls,Isan
ishkashimi.xls,Ishkashimi
isinai.xls,Isinai
isnag.xls,Isnag
isoko.xls,Isoko
isthmusmixe.xls,Isthmus Mixe
istro-romanian.xls,Istro-Romanian
italian.xls,Italian
itawis.xls,Itawis
itbayat.xls,Itbayat
itelmen.xls,Itelmen
itza.xls,Itzaʼ
ivatan.xls,Ivatan
ivbiosakon.xlsx,Ivbiosakon
ivilyuat.xls,Ivilyuat / Cahuilla
ixil.xls,Ixil
iyowujwachorote.xls,Iyo'wujwa Chorote
itza.xls,Itzaʼ
izon.xlsx,Izon
jabo.xls,Jabo
jahhut.xlsx,Jah Hut
jakaltek.xls,Jakaltek
jalapamazatec.xls,Jalapa Mazatec
jamaican.xls,Jamaican
japanese.xls,Japanese
japreria.xls,Japreria
jaqaru.xls,Jaqaru
jaminjung.xls,Jaminjung
jarai.xls,Jarai
jarawa.xls,Jarawa
jarud.xls,Jarud (Mongolian)
jaunsari.xls,Jaunsari
jaunsaritakri.xls,Jaunsari Takri
javanese.xls,Javanese
jebero.xls,Jebero
jeju.xls,Jeju
jenticha.xls,Jenticha
jerriais.xls,Jèrriais
jibu.xls,Jibu
jicarilla.xls,Jicarilla
jju.xlsx,Jju
jingulu.xls,Jingulu
jirel.xls,Jirel
jolafonyi.xls,Jola-Fonyi
jru.xls,Jru'
juang.xls,Juang
judeo-persian.xls,Judeo-Persian
juhoan.xls,Juǀʼhoan
jumli.xls,Jumli
jurchen.xls,Jurchen
jurmodo.xls,Jur Modo
kabardian.xls,Kabardian
kabiye.xls,Kabiye
kabwa.xlsx,Kabwa
kabyle.xls,Kabyle
kadaru.xlsx,Kadaru
kadazandusun.xlsx,Kadazandusun
kadiweu.xls,Kadiwéu
kafa.xls,Kafa
kagate.xls,Kagate
kagayanen.xls,Kagayanen
kahua.xlsx,Kahua
kaithi.xls,Kaithi
kaingang.xls,Kaingang
kaitag.xls,Kaitag
kaiwa.xls,Kaiwá
kako.xlsx,Kako
kakwa-african.xlsx,Kakwa (Africa)
kalalagawya.xls,Kala Lagaw Ya
kalabari.xlsx,Kalabari
kalanga.xlsx,Kalanga
kalanguya.xls,Kalanguya
kalderash.xls,Kalderash Romani
kalkatungu.xls,Kalkatungu
kalkoti.xls,Kalkoti
kalmyk.xls,Kalmyk
kanasi.xls,Kanasi
kangri.xls,Kangri
kam.xls,Kam
kamarupi.xls,Kamarupi
kamasau.xlsx,Kamasau
kamba.xls,Kamba
kambari.xls,Kambari
kambera.xls,Kambera
kamda.xls,Kamda
kanakanavu.xls,Kanakanavu
kanga.xls,Kanga / Kufa
kannada.xls,Kannada
kannauji.xls,Kannauji
kanyok.xlsx,Kanyok
kapampangan.xlsx,Kapampangan
kapingamarangi.xls,Kapingamarangi
kipsigis.xlsx,Kipsigis
kapong.xls,Kapóng
kaqchikel.xls,Kaqchikel
kar.xls,Kar
karachay-balkar.xls,Karachay-Balkar
karaikarai.xls,Karai-karai
karakalpak.xls,Karakalpak
karamanliturkish.xls,Karamanli Turkish
karamojong.xls,Karamojong
karata.xls,Karata
karbi.xls,Karbi
karelian.xls,Karelian
easternpwokaren.xls,Karen (Eastern Pwo)
karen.xls,Karen (S'gaw)
kasem.xls,Kasem
kashaya.xls,Kashaya
kashibo.xls,Kashibo
kashmiri.xls,Kashmiri
kaska.xls,Kaska
katu.xlsx,Katu
kaurna.xls,Kaurna
kavalan.xls,Kavalan
kawaiisu.xls,Kawaiisu
kawesqar.xls,Kawésqar
kayahli.xls,Kayah Li
kazakh.xls,Kazakh
kebu.xlsx,Kebu
kei.xls,Kei
keiga.xls,Keiga
keiyo.xlsx,Keiyo
kelabit.xls,Kelabit
keliko.xls,Keliko
kembayan.xlsx,Kembayan
kendayan.xlsx,Kendayan
kensweinsei.xls,Kenswei Nsei
keo.xls,Kéo
kera.xls,Kera
keres.xls,Keres
kerinci.xls,Kerinci
ket.xls,Ket
khalaj.xls,Khalaj
khaling.xls,Khaling
kham.xls,Kham
khamnigan.xls,Khamnigan Mongol
khamstibetan.xls,Khams Tibetan
khandeshi.xls,Khandeshi
khanty.xls,Khanty
kharia.xls,Kharia
kharosthi.xls,Kharosthi
khasi.xls,Khasi
khengkha.xls,Khengkha
khinalug.xlsx,Khinalug
khmer.xls,Khmer
khmu.xls,Khmu
khojki.xls,Khojki
khorchin.xls,Khorchin
khortha.xls,Khortha
khwarshi.xls,Khwarshi
kikai.xls,Kikai
kinabalian.xls,Kinabalian
koasati.xls,Koasati
khoekhoe.xls,Khoekohoe
khojki.xls,Khojki
khorasaniturkic.xls,Khorasani Turkic
khowar.xls,Khowar
khinalug.xlsx,Khinalug
khun.xls,Khün
kichwa.xls,Kichwa
kickapoo.xls,Kickapoo
kiga.xls,Kiga
kikuyu.xls,Kikuyu
kili.xls,Kili
kiliwa.xls,Kiliwa
kimbundu.xls,Kimbundu
kinyarwanda.xls,Kinyarwanda
kinaraya.xls,Kinaray-a
kiribati.xls,Kiribati
kirundi.xls,Kirundi
kisi.xls,Kisi
kissi.xls,Kissi
kituba.xls,Kituba
klallam.xls,Klallam
klamath.xls,Klamath
klata.xls,Klata
klingon.xls,Klingon
knaanic.xls,Knaanic
kobo.xlsx,Kobo
koch.xls,Koch (language and scri1pt)
kochi.xls,Kōchi
koda.xlsx,Koda
kodeoha.xls,Kodeoha
kogo.xlsx,Kogo
koho.xls,Koho
kokborok.xls,Kokborok
kokota.xls,Kokota
kom.xls,Kom (Cameroon)
komrem.xls,Kom (India)
komering.xls,Komering
komering.xls,Komering script
komi.xls,Komi
komo-bantu.xlsx,Komo (Bantu)
komo.xls,Komo (Nilo-Saharan)
konkani.xls,Konkani
konjo.xls,Konjo
konkomba.xls,Konkomba
korean.xls,Korean
korku.xls,Korku
koro.xlsx,Koro
koryak.xls,Koryak
kosraean.xls,Kosraean
kove.xls,Kove
koyukon.xls,Koyukon
kpelle.xls,Kpelle
kri.xls,Kri
krymchak.xls,Krymchak
kryts.xlsx,Kryts
kubachi.xls,Kubachi
kuhane.xlsx,Kuhane
kuku.xls,Kuku
kukunyungkal.xls,Kuku Nyungkal
kukuya.xls,Kukuya
kulango.xlsx,Kulango
kulisusu.xls,Kulisusu
kullui.xls,Kullui
kumaoni.xls,Kumaoni
kumeyaay.xls,Kumeyaay
kumyk.xls,Kumyk
kumzari.xls,Kumzari
kuna.xls,Kuna
kunda.xls,Kunda
kunjen.xls,Kunjen
kurdish.xls,Kurdish
kulitan.xls,Kulitan
kuot.xls,Kuot
kupsabiny.xlsx,Kupsabiny
kuria.xls,Kuria
kurmali.xls,Kurmali
kurukhbanna.xls,Kurukh Banna
kusaal.xls,Kusaal
kutchi.xls,Kutchi
kutenai.xls,Kutenai
kuukthaayorre.xls,Kuuk Thaayorre
kuy.xls,Kuy
kwaio.xls,Kwaio
kwambi.xlsx,Kwambi
kwamera.xlsx,Kwamera
kwangali.xlsx,Kwangali
kwasengen.xlsx,Kwasengen
kwakwala.xls,Kwak̓wala
kwasio.xlsx,Kwasio
kyode.xls,Kyode
kyrgyz.xls,Kyrgyz
laalaabwamu.xls,Láá Láá Bwamu
ladakhi.xls,Ladakhi
ladino.xls,Ladino
lahu.xls,Lahu
lak.xls,Lak
lakon.xls,Lakon
lakota.xls,Lakota
lamaholot.xls,Lamaholot
lamalama.xlsx,Lamalama
lambadi.xls,Lambadi
lambya.xls,Lambya
lampung.xls,Lampung
langgo.xlsx,Lango
lango.xls,Lango
lao.xls,Lao
lega.xlsx,Lega
lepcha.xls,Lepcha
lashi.xls,Lashi
latgalian.xls,Latgalian
latinabc.xls,Latin (alphabet)
latin.xls,Latin (language)
latvian.xls,Latvian
lau.xls,Lau
lavukaleve.xls,Lavukaleve
lawangan.xlsx,Lawangan
laz.xls,Laz
lehali.xls,Lehali
lele.xls,Lele
lenakel.xls,Lenakel
lengo.xls,Lengo
lengola.xlsx,Lengola
lewo.xls,Lewo
lezgi.xls,Lezgi
lhaovo.xls,Lhao Vo
lhowa.xls,Lhowa
ligurian.xls,Ligurian
likpe.xlsx,Likpe
limbu.xls,Limbu
limousin.xls,Limousin
lhomi.xls,Lhomi
lillooet.xls,Lillooet
limba.xls,Limba
lineara.xls,Linear A
linearb.xls,Linear B
lingala.xls,Lingala
lfn.xls,Lingua Franca Nova
lio.xls,Lio
lipanapache.xls,Lipan Apache
lipo.xls,Lipo
liqwala.xls,Liqʼwala
lisu.xls,"Lisu (Fraser, Pollard Miao)"
lithuanian.xls,Lithuanian
livvikarelian.xls,Livvi-Karelian
livonian.xls,Livonian
logba.xls,Logba
lolopo.xlsx,Lolopo
loma.xls,Loma
lombard.xls,Lomard
lomwe.xlsx,Lomwe
longgu.xls,Longgu
lorrain.xls,Lorrain
lota.xls,Lota Ende
lote.xls,Lote
lotuko.xls,Lotuko
lokoya.xls,Lokoya
lop.xls,Lop
lopit.xls,Lopit
lotoga.xls,Lo-Toga
loup.xls,Loup
lovari.xls,Lovari
loyop.xls,Löyöp
luang.xlsx,Luang
lubakatanga.xls,Luba-Katanga
luchazi.xls,Luchazi
ludic.xls,Ludic
luganda.xls,Luganda
lugbara.xls,Lugbara
lumun.xls,Lumun
lunbawang.xls,Lun Bawang
lunda.xls,Lunda
luo.xls,Luo
luobohemiao.xls,Luobohe Miao
luri.xls,Luri
lushootseed.xls,Lushootseed
luvale.xls,Luvale
luwian.xls,Luwian
luyana.xlsx,Luyana
lycian.xls,Lycian
lydian.xls,Lydian
maanyan.xlsx,Maʼanyan
maasai.xls,Maasai
maaymaay.xlsx,Maay Maay
maba.xlsx,Maba
macedonian.xls,Macedonian
macushi.xls,Macushi
madi.xls,Ma'di
madurese.xls,Madurese
magahi.xls,Magahi
magar.xls,Magar
magarakkha.xls,Magar Akkha
mahajani.xls,Mahajani
mahasupahari.xls,Mahasu Pahari
maithili.xls,Maithili
magar.xls,Magar
maguindanao.xls,Maguindanao
maka.xls,Maká
makaa.xls,Makaa
makah.xls,Makah
makalero.xls,Makalero
makonde.xls,Makonde
makhuwa.xls,Makhuwa
makurap.xls,Makurap
malagasy.xls,Malagasy
malay.xls,Malay
terengganumalay.xls,Malay (Terengganu)
malayalam.xls,Malayalam
malecitepassamaquoddy.xls,Malecite-Passamaquoddy
maleku.xls,Maléku
malto.xls,Malto
mam.xls,Mam
mamasa.xls,Mamasa
mamanwa.xls,Mamanwa
mamainde.xls,Mamaindê
mampruli.xls,Mampruli
manam.xlsx,Manam
manchu.xls,Manchu
mandaic.xls,Mandaic and Neo-Mandaic
mandari.xls,Mandari
mandeali.xls,Mandeali
mangareva.xls,Mangareva
mao.xls,Mao
maore.xls,Maore
mari.xls,Mari
maricopa.xls,Maricopa
marwari.xls,Marwari
masaramgondi.xls,Masaram Gondi
mauritiancreole.xls,Mauritian Creole
mendekan.xls,Mandekan
mandinka.xls,Mandinka
mandombe.xls,Mandombe
manggarainese.xls,Manggarainese
manide.xls,Manide
maninka.xls,Maninka
manipuri.xls,Manipuri
mankanya.xls,Mankanya
manumanaw.xls,Manumanaw Karen
manx.xls,Manx
maltese.xls,Maltese
mano.xls,Mano
maori.xls,Māori
marathi.xls,Marathi
marba.xls,Marba
marchen.xls,Marchen
markwet.xlsx,Markwet
marma.xls,Marma
marovo.xls,Marovo
marshallese.xls,Marshallese
martuwangka.xls,Martu Wangka
marwari.xls,Marwari
masalit.xlsx,Masalit
mashanmiao.xls,Mashan Miao
maskelynes.xls,Maskelynes
marshallese.xls,Marshallese
masaaba.xls,Masaaba
mato.xls,Mato
matses.xls,Matsés
maung.xls,Maung
mavea.xls,Mavea
mayo.xls,Mayo
mazahua.xls,Mazahua
mazatec.xls,Mazatec
mbama.xlsx,Mbama
mbato.xls,Mbato
mbelime.xlsx,Mbelime
mbere.xlsx,Mbere
mbosi.xlsx,Mbosi
mbugu.xlsx,Mbugu
mbukushu.xlsx,Mbukushu
mbunda.xls,Mbunda
mbuun.xlsx,Mbuun
meankieli.xls,Meänkieli
medefaidrin.xls,Medefaidrin
medumba.xls,Medumba
meeteiyelhoumayek.xls,Meetei Yelhou Mayek
meglenoromanian.xls,Megleno-Romanian
melanau.xls,Melanau
mele-fila.xls,Mele-Fila
mende.xls,Mende (language)
kikakui.xls,Mende (Kikakui) script
menik.xls,Ménik
menominee.xls,Menominee
mentawai.xls,Mentawai
meriammir.xls,Meriam Mir
mescalero.xls,Mescalero-Chiricahua
mewari.xls,Mewari
meyah.xlsx,Meyah
michif.xls,Michif
midlandmixe.xls,Midland Mixe
migaama.xls,Migaama
miju.xls,Miju
mikasuki.xls,Mikasuki
mikmaq.xls,Mi'kmaq
mirandese.xls,Mirandese
miriwoong.xls,Miriwoong
misantlatotonac.xls,Misantla Totonac
mising.xlsx,Mising
miskito.xls,Miskito
mixtec.xls,Mixtec
chayucomixtec.xls,Mixtec (Chayuco)
miya.xls,Miya
miyakoan.xls,Miyakoan
mizo.xls,Mizo
mmen.xls,Mmen
mnong.xlsx,Mnong
moba.xls,Moba
mocovi.xls,Mocoví
modang.xlsx,Modang
modi.xls,Modi
mogholi.xls,Mogholi
mohawk.xls,Mohawk
mohican.xls,Mohican
mojave.xls,Mojave
mokilese.xls,Mokilese
moksha.xls,Moksha
romanian.xls,Moldovan
moloko.xls,Moloko
moma.xlsx,Moma
mon.xls,Mon
monegasque.xlsx,Monégasque
mongo.xls,Mongo
mongolian.xls,Mongolian
mongondow.xls,Mongondow
monguor.xls,Monguor
mono.xls,Mono (California)
mono-congo.xls,Mono (Congo)
mono-alu.xls,Mono-Alu
montenegrin.xls,Montenegrin
mopan.xls,Mopan
moriatas.xls,Mori Atas
moribawah.xls,Mori Bawah
moro.xlsx,Moro
morokodo.xls,Morokodo
moronene.xls,Moronene
mortlockese.xls,Mortlockese
moru.xls,Moru
morsecode.xls,Morse Code
mossi.xls,Mossi
mota.xlsx,Mota
motu.xls,Motu
motuna.xlsx,Motuna
mozarabic.xls,Mozarabic
mpiemo.xlsx,Mpiemo
mro.xls,Mro
mualang.xls,Mualang
mufian.xlsx,Mufian
muinane.xls,Muinane
multani.xls,Multani
mundang.xlsx,Mundang
mundari.xls,Mundari
munji.xls,Munji
muong.xls,Muong
murrinhpatha.xls,Murrinh-Patha
muruihuitoto.xlsx,Muri Huitoto
musey.xls,Musey
musi.xls,Musi
mussauemira.xls,Mussau-Emira
mutsun.xls,Mustun
mwaghavul.xls,Mwaghavul
mwani.xls,Mwani
mwerlap.xlsx,Mwerlap
mwotlap.xls,Mwotlap
myene.xlsx,Myene
naasioi.xls,Naasioi
otomaung.xls,Naasioi Otomaung Alphabet
naba.xlsx,Naba
nabataean.xls,Nabataean
nafanan.xlsx,Nafanan
nafsan.xls,Nafsan
nagchiki.xlsx,Nag Chiki
nahavaq.xls,Nahavaq
nahuatl.xls,Nahuatl
nahuatl-easternhuasteca.xlsx,Nahuatl (Eastern Huasteca)
nahuatl-guerrero.xlsx,Nahuatl (Guerrero)
nahuatl-telecingo.xlsx,Nahuatl (Tetelcingo)
namakura.xls,Namakura
naman.xlsx,Naman
nambikwara.xls,Nambikwara
nambya.xls,Nambya
nancowry.xls,Nancowry
nande.xls,Nande
nandi.xlsx,Nandi
nanggu.xls,Nanggu
narragansett.xls,Narragansett
naskapi.xls,Naskapi
natchez.xls,Natchez
navajo.xls,Navajo
nawdm.xlsx,Nawdm
naxi.xls,Naxi
northernndebele.xls,Ndebele (Northern - South Africa)
sindebele.xls,Ndebele (Northern - Zimbabwe & Botswana)
southernndebele.xls,Ndebele (Southern)
ndrumbea.xls,Ndrumbea
nduke.xls,Nduke
ndyuka.xls,Ndyuka
neapolitan.xls,Neapolitan
negidal.xls,Negidal
nengone.xls,Nengone
neolatin.xls,Neolatin
ranjana.xls,Nepal Bhasa / Newari
nepali.xls,Nepali
neverver.xls,Neverver
newa.xls,Newa
neyo.xls,Neyo
nezperce.xls,Nez Perce
ngadha.xls,Ngadha
ngaju.xls,Ngaju
nganasan.xls,Nganasan
ngangam.xlsx,Ngangam
ngiyambaa.xls,Ngiyambaa
ngizim.xls,Ngizim
ngoni.xlsx,Ngoni
ngwii.xlsx,Ngwii
nhangu.xls,Nhangu
nheengatu.xls,Nheengatu
nias.xlsx,Nias
nihali.xls,Nihali
nimadi.xls,Nimadi
ninde.xls,Ninde
nishi.xls,Nishi
nisu.xls,Nisu
niuafoou.xls,Niuafoʻou
niuatoputaputafahi.xls,Niuatoputapu-Tafahi
niuean.xls,Niuean
nivacle.xls,Nivaclé
nivkh.xls,Nivkh
njebi.xlsx,Njebi
nko.xls,N'Ko
nkonya.xls,Nkonya
noakhailla.xlsx,Noakhailla
nobiin.xls,Nobiin
nobonob.xls,Nobonob
nomatsiguenga.xls,Nomatsiguenga
nooksack.xlsx,Nooksack
norfuk.xls,Norfuk
northefate.xls,North Efate
northpicene.xls,North Picene
northteke.xls,North Teke
northernkhmer.xls,Northern Khmer
northernpwo.xls,Northern Pwo
northernqiang.xls,Northern Qiang
northernsotho.xls,Northern Sotho
maidu.xls,Northwest Maidu
norwegian.xls,Norwegian
nso.xls,Nso
ntcham.xlsx,Ntcham
nuaulu.xlsx,Nuaulu
nubi.xls,Nubi
nuer.xls,Nuer
nukuoro.xls,Nukuoro
nukuria.xls,Nukuria
nume.xls,Nume
numee.xls,Numèè
nung.xls,Nùng
nunggubuyu.xls,Nunggubuyu
nupe.xls,Nupe
nuosu.xls,Nuosu
nushu.xls,Nüshu
nusu.xls,Nusu
nuuchahnulth.xls,Nuu-Chah-Nulth
nuxalk.xls,Nuxalk
nng.xls,Nǁng
nyabwa.xls,Nyabwa
nyahkur.xls,Nyah Kur
nyakyusa.xls,Nyakyusa
nyamwezi.xls,Nyamwezi
nyangatom.xlsx,Nyangatom
nyelayu.xls,Nyelâyu
nyemba.xls,Nyemba
nyepu.xlsx,Nyepu
nyiakengpuachuehmong.xls,Nyiakeng Puachue Hmong
nyole.xls,Nyole
nyoro.xlsx,Nyoro
nzadi.xls,Nzadi
nzema.xls,Nzema
obo.xls,Obo
obolo.xls,Obolo
ocaina.xlsx,Ocaina
occitan.xls,Occitan
languedocien.xls,Occitan (Languedocien)
provencal.xls,Occitan (Provençal)
oduduwa.xls,Odùduwà
ogan.xls,Ogan
ogba.xls,Ogba
oldpermic.xls,Old Permic
oriya.xls,Odia
ogham.xls,Ogham
ojibwe.xls,Ojibwe
ojicree.xls,Oji-Cree
okanagan.xls,Okanagan
okinawan.xls,Okinawan
okinoerabu.xls,Okinoerabu
oku.xls,Oku
olchiki.xls,Ol Chiki
ocs.xls,Old Church Slavonic
oldnubian.xls,Old Nubian
oldpersioncuneiform.xls,Old Persian Cuneiform
tupi.xlsx,Old Tupi / Novo Tupi
oldturkic.xls,Old Turkic
olonal.xls,Ol Onal
olubo.xls,Olu'bo
oluta.xls,Oluta Popoluca
ona.xls,Ona
oneida.xls,Oneida
onge.xls,Onge
onhan.xls,Onhan
onondaga.xls,Onondaga
ontongjava.xlsx,Ontong Java
oodham.xls,Oʼodham
oowekyala.xls,Oowekyala
ormuri.xls,Ormuri
oroha.xls,Oroha
oroko.xls,Oroko
oromo.xls,(Afaan) Oromo
oroqen.xls,Oroqen
osage.xls,Osage
oshiwambo.xls,Oshiwambo
osmanya.xls,Osmanya
ososo.xlsx,Ososo
ossetian.xls,Ossetian
owa.xls,Owa
paafang.xls,Pááfang
paasaal.xls,Paasaal
pacoh.xlsx,Pacoh
paez.xls,Páez
pagibete.xls,Pagibete
pahari.xls,Pahari
pahawh.xls,Pahawh Hmong
paici.xlsx,Paicî
paipai.xls,Paipai
paite.xls,Paite
paiwan.xls,Paiwan
paku.xlsx,Paku
palauan.xlsx,Palauan
palaung.xls,Palaung
palawano.xls,Palawano
palenquero.xls,Palenquero
paleohebrew.xls,Paleo-Hebrew
pali.xls,Pali
palikur.xls,Palikúr
palmyrene.xls,Palmyrene
palue.xls,Paluʼe
palula.xls,Palula
panare.xls,Panare
pangwali.xls,Pangwali
pao.xls,Pa'O
papantlatotonac.xls,Papantla Totonac
papapana.xlsx,Papapana
paraujuano.xls,Paraujuano
pare.xlsx,Pare
paresi.xls,Paresi
parkari.xls,Parkari Koli
parthian.xls,Parthian
patwin.xls,Patwin
paucinhau.xls,Pau Cin Hau
pauna.xls,Pauna
pawnee.xls,Pawnee
paya.xlsx,Paya
pazeh.xls,Pazeh
pemon.xls,Pemon
pendau.xlsx,Pendau
pennsylvaniagerman.xls,Pennsylvania German
penobscot.xls,Penobscot
penrhyn.xls,Penrhyn
persian.xls,Persian
phagspa.xls,Phags-pa
phoenician.xls,Phoenician
phom.xlsx,Phom
piapoco.xls,Piapoco
picuris.xls,Picuris
pilaga.xls,Pilagá
pingelapese.xls,Pingelapese
pintupi.xls,Pintupi
pinyin.xls,Pinyin
pipil.xls,Pipil (Nawat)
piraha.xls,Pirahã
pitjantjatjara.xls,Pitjantjatjara
pochuri.xls,Pochuri
pohnpeian.xls,Pohnpeian
polci.xls,Polci
polish.xls,Polish
easternpomo.xls,Pomo (Eastern)
centralpomo.xls,Pomo (Central)
southernpomo.xls,Pomo (Southern)
ponosakan.xlsx,Ponosakan
pontic.xls,Pontic Greek
poqomam.xls,Poqomam
porohanon.xls,Porohanon
portuguese.xls,Portuguese
potawatomi.xls,Potawatomi
powhatan.xls,Powhatan
pie.xls,Proto-Indo-European
protosinaitic.xls,Proto-Sinaitic
pukapukan.xls,Pukapukan
puluwatese.xls,Puluwatese
pumi.xls,Pumi
punjabi.xls,Punjabi
punu.xls,Punu
purepecha.xls,Purepecha
purvalicchavi.xls,Purva Licchavi
puxian.xls,Puxian
puyuma.xls,Puyuma
qanjobal.xls,Qʼanjobʼal
qashqai.xls,Qashqai
rma.xls,Qiang / Rma Script
quapaw.xls,Quapaw
quechan.xls,Quechan
ambopascoquechua.xls,Quechua (Ambo-Pasco)
classicalquechua.xls,Quechua (Classical)
huanucoquechua.xls,Quechua (Huánuco)
quikscript.xls,Quikscript
quiripi.xls,Quiripi
rade.xls,Rade
rajbanshi.xls,Rajbanshi
rakahanga-manihiki.xls,Rakahanga-Manihiki
rama.xls,Rama
rapa.xls,Rapa
rapanui.xls,Rapa Nui
rarotongan.xls,Rarotongan (Cook Islands Māori
ratahan.xls,Ratahan
redkaren.xls,Red Karen
rejang.xls,Rejang
ravula.xls,Ravula
rawang.xls,Rawang
rendille.xlsx,Rendille
riffian.xls,Riffian
rinconada.xls,Rinconada Bikol
rohingya.xls,Rohingya
romanian.xls,Romanian
romaniantatar.xls,Romanian Tatar
romani.xls,Romani
romblomanon.xls,Romblomanon
ronga.xls,Ronga
rongga.xlsx,Rongga
rongmei.xlsx,Rongmei
rotuman.xls,Rotuman
rovas.xls,"Rovas (Carpathian Basin Rovas, Khazarian Rovas, Hungarian Rovas)"
rukai.xls,Rukai
rumsen.xls,Rumsen
runica.xls,Runica
rutul.xls,Rutul
rushani.xls,Rushani
cyrillic_russian.xls,Russian
rusyn.xls,Rusyn
sa.xls,Sa
saa.xls,Sa'a
saanich.xls,Saanich
saaroa.xls,Saaroa
sabane.xls,Sabanê
sadri.xls,Sadri
safaliba.xlsx,Safaliba
safen.xls,Safen
safwa.xlsx,Safwa
sahaptin.xls,Sahaptin
saho.xlsx,Saho
sakizaya.xls,Sakizaya
sambal.xls,Sambal
sami.xls,Sami
saliba.xls,Saliba
samoan.xls,Samoan
samogitian.xls,Samogitian
samaritan.xls,Samaritan
sambasmalay.xlsx,Sambas Malay
itunyosotriqui.xls,San Martín Itunyoso Triqui
sandawe.xls,Sandawe
sangirese.xls,Sangirese
sani.xls,Sani
sankethi.xls,Sankethi
sanskrit.xls,Sanskrit
santacruz.xls,Santa Cruz
santali.xls,Santali
santiaguenoquechua.xls,Santiagueño Quechua
santodomingotriqui.xls,Santo Domingo del Estero Triqui
sapalo.xls,Sapalo Script
saraiki.xls,Saraiki
sardinian.xls,Sardinian
sakapultek.xls,Sakapultek
sarnami.xls,Sarnámi Hindustani
saisiyat.xls,Saisiyat
sauk.xls,Sauk
saurashtra.xls,Sourashtra
savosavo.xls,Savosavo
sawi.xls,Sawi
sawila.xls,Sawila
saxwe.xlsx,Saxwe
sayula.xls,Sayula Popoluca
secoya.xls,Secoya
seediq.xls,Seediq
sekani.xls,Sekani
seki.xlsx,Seki
selaru.xls,Selaru
selkup.xls,Selkup
sena.xls,Sena
seneca.xls,Seneca
sengele.xls,Sengele
serrano.xls,Serrano
seto.xls,Seto
shan.xls,Shan
shanghainese.xls,Shanghainese
sharda.xls,Sharda
shatt.xlsx,Shatt
shavian.xls,Shavian
shawnee.xls,Shawnee
shawiya.xls,Shawiya
sheko.xls,Sheko
sheshashishalhem.xlsx,she shashishalhem
shenwa.xls,Shenwa
shilha.xls,Shilha
shilluk.xls,Shilluk
shina.xls,Shina
shipibo.xls,Shipibo
shompen.xls,Shompen
shona.xls,Shona
shoshoni.xls,Shoshone
shuar.xls,Shuar
shughni.xls,Shughni
shuswap.xls,Shuswap
siar.xls,Siar
siberiantatar.xls,Siberian Tatar
sidama.xls,Sidama
krio.xls,Sierra Leonean Creole
sierraotomi.xls,Sierra Otomi
sierrapopoluca.xls,Sierra Popoluca
sikaiana.xls,Sikaiana
sikkimese.xls,Sikkimese
sindhi.xls,Sindhi
singlish.xls,Singlish
sinhala.xls,Sinhala
sio.xls,Sio
siona.xlsx,Siona (Colombian)
ecuadoriansiona.xlsx,Siona (Ecuadorian)
sipakapense.xls,Sipakapense
sirenik.xls,Sirenik
sirmauri.xls,Sirmauri
sisaali.xls,Sisaali
siwi.xls,Siwi
siwu.xls,Siwu
ske.xls,Ske
northslavey.xls,Slavey (North)
southslavey.xls,Slavey (South)
slovak.xls,Slovak
slovenian.xls,Slovenian
sobei.xlsx,Sobei
soga.xls,Soga
sogdian.xls,Sogdian
sokoro.xls,Sokoro
somali.xls,Somali (Osmanya)
songe.xls,Songe
soninke.xls,Soninke
sonsorolese.xls,Sonsorolese
sora.xls,Sorang Sompeng
sorsogon-southern.xls,Sorsogon (Southern)
soundspel.xls,SoundSpel
southbolivianquechua.xls,South Bolivian Quechua
southernoromo.xlsx,Southern Oromo
southernpaiute.xls,Southern Paiute
southernqiang.xls,Southern Qiang
southerntiwa.xls,Southern Tiwa
southpicene.xls,South Picene
soyombo.xls,Soyombo
soyot.xls,Soyot
spanish.xls,Spanish
stluciacreole.xls,Saint Lucian Creole
suba.xlsx,Suba
sui.xls,Sui
sukuma.xls,Sukuma
sumerian.xls,Sumerian
sumi.xls,Sümi
sundanese.xls,Sundanese
sunwar.xls,Sunwar
surigaonon.xls,Surigaonon
susu.xls,Susu
sursurunga.xlsx,Sursurunga
suwawa.xls,Suwawa
swabian.xls,Swabian
swahili.xls,Swahili
swati.xls,Swati
swedish.xls,Swedish
sylheti.xls,Sylheti
syriac.xls,Syriac
rovas.xls,Székely-Hungarian Rovás
taa.xls,Taa
tabassaran.xls,Tabassaran
tagalog.xls,Tagalog
tagbanwa.xls,Tagbanwa
tahitian.xls,Tahitian
tahltan.xls,Tahltan
taidam.xls,Tai Dam
taidon.xls,Tai Dón
taihongjin.xls,Tai Hongjin
tailue.xls,Tai Lue
taino.xls,Taíno
tainoi.xlsx,Tai Noi
taiphake.xls,Tai Phake
tairoa.xls,Tairoa
taita.xlsx,Taita
taiya.xls,Tai Ya
taiyo.xlsx,Tai Yo
tajik.xls,Tajik
tajio.xls,Tajio
takri.xls,Takri
takuu.xls,Takuu
talaud.xls,Talaud
talinga.xlsx,Talinga
talise.xls,Talise
talysh.xls,Talysh
tamahaq.xls,Tamahaq
tamambo.xls,Tamambo
tamasheq.xls,Tamasheq
tamazight.xls,Tamazight
tami.xls,Tami
tamil.xls,Tamil
tammari.xls,Tammari
tanacross.xls,Tanacross
tanga.xls,Tanga
tangale.xls,Tangale
tanchangya.xls,Tanchangya
tangkhul.xls,Tangkhul Naga
tangsa.xls,Tangsa
tani.xls,Tani Lipi
tao.xls,Tao (Yami)
taoi.xls,TaʼOi
taos.xls,Taos
tarama.xls,Tarama
tat.xls,Tat
tatar.xls,Tatar
tausug.xls,Tausūg
tamajaq.xls,Tawallammat Tamajaq
tawbuid.xls,Tawbid
tamajeq.xls,Tayart Tamajeq
tariana.xls,Tariana
tboli.xls,Tboli
tchaman.xls,Tchaman
teanu.xls,Teanu
tedim.xls,Tedim
tehuelche.xls,Tehuelche
teiwa.xls,Teiwa
tektitek.xls,Tektitek
teleut.xls,Teleut
telugu.xls,Telugu
teochew.xls,Teochew
tem.xls,Tem
tembo.xls,Tembo
temoayaotomi.xls,Temoaya Otomi
tepehuan-northern.xls,Tepehuán (Northern)
tepehuan-southeastern.xls,Tepehuán (Southeastern)
tepehuan-southwestern.xls,Tepehuán (Southwestern)
terena.xls,Terêna
teribe.xls,Teribe
terik.xlsx,Terik
ternate.xlsx,Ternate
tetela.xlsx,Tetela
tetum.xls,Tetum
tewa.xls,Tewa
texistepec.xls,Texistepec
thai.xls,Thai
thaisong.xls,Thai Song
maldivian.xls,Thaana
thadou.xlsx,Thadout
thakali.xls,Thakali
thangmi.xls,Thangmi
theban.xls,Theban
temne.xls,Themne
tibetan.xls,Tibetan
ticuna.xls,Ticuna
tidore.xlsx,Tidore
tifinagh.xls,Tifinagh
tigak.xls,Tigak
tigalari.xls,Tigalari
tigre.xls,Tigre
tigrinya.xls,Tigrinya
tii.xls,Tii
tiipai.xls,Tiipai
tikamuli.xls,Tikamuli
tirax.xls,Tirax
tirhuta.xls,Tirhuta
tiruray.xls,Tiruray
tiwi.xls,Tiwi
tlahuitoltepecmixe.xls,Tlahuitoltepec Mixe
tlapanec.xls,Tlapanec
tlicho.xls,Tłı̨chǫ (Dogrib)
tlingit.xls,Tlingit
tobaqom.xls,Toba Qom
tobelo.xls,Tobelo
tobian.xls,Tobian
tocho.xls,Tocho
tofa.xls,Tofa
tojolabal.xls,Tojolabal
tokelauan.xls,Tokelauan
tokipona.xls,Toki Pona
tokpisin.xls,Tok Pisin
tokunoshima.xls,Tokunoshima
tolai.xls,Tolai
tolongsiki.xls,Tolong Siki
tolowa.xls,Tolowa
tombonuwo.xlsx,Tombonuwo
tombulu.xls,Tombulu
tondano.xls,Tondano
tonga.xls,Tonga
tongan.xls,Tongan
tongva.xls,Tongva
tonkawa.xls,Tonkawa
tonsawang.xls,Tonsawang
tooro.xlsx,Tooro
toqabaqita.xls,Toqabaqita
torwali.xls,Torwali
toto.xls,Toto
totontepecmixe.xls,Totontepec Mixe
touo.xls,Touo
transylvaniansaxon.xls,Transylvanian Saxon
tsafiki.xls,Tsafiki
tsakhur.xls,Tsakhur
tsakonian.xls,Tsakonian
tsez.xls,Tsez
tshangla.xls,Tshangla
tsimshian.xls,Tsimshian
tsonga.xls,Tsonga
tsou.xls,Tsou
tsudaqar.xlsx,Tsudaqar
tsuutina.xls,Tsuut'ina
tswa.xls,Tswa
tuamotuan.xls,Tuamotuan
tugen.xlsx,Tugen
tujia.xls,Tujia
tukangbesi.xls,Tukang Besi
tulu.xls,Tulu
tumak.xls,Tumak
tumbuka.xls,Tumbuka
tumulungsisaala.xls,Tumulung Sisaala
tunica.xls,Tunica
turka.xls,Turka
turkish.xls,Turkish
turkmen.xls,Turkmen
turoyo.xls,Turoyo
tuscarora.xls,Tuscarora
tut.xls,Tut
tutchone.xls,Tutchone
tutelo.xls,Tutelo
tuvaluan.xls,Tuvaluan
tuvan.xls,Tuvan
tuyuca.xls,Tuyuca
twi.xls,Twi
ubang.xls,Ubang
ubir.xls,Ubir
ubykh.xls,Ubykh
udege.xls,Udege
udi.xlsx,Udi
udmurt.xls,Udmurt
uduk.xls,Uduk
ugaritic.xls,Ugaritic
ughele.xls,Ughele
ukrainian.xls,Ukrainian
ulitian.xls,Ulithian
ulumanda.xls,Ulumandaʼ
uma.xlsx,Uma
unami.xls,Unami
umiraydumaget.xls,Umiray Dumaget
uneapa.xls,Uneapa
unifon.xlsx,Unifon
dinaki.xls,Upper Kuskokwim
uppertanana.xls,Upper Tanana
uraklawoi.xls,Urak Lawoiʼ
urhobo.xls,Urhobo
uropi.xls,Uropi
urum.xls,Urum
uspantek.xls,Uspantek
uyghur.xls,Uyghur
uzbek.xls,Uzbek
vaeakautaumako.xls,Vaeakau-Taumako
vamale.xls,Vamale
varmlandic.xls,Värmlandic
vatlongos.xls,Vatlongos
vatteluttu.xls,Vatteluttu
venda.xls,Venda
vengo.xls,Vengo
veps.xls,Veps
vietnamese.xls,Vietnamese
vili.xlsx,Vili
vitu.xls,Vitu
volapuk.xls,Volapük
voro.xls,Võro
votic.xls,Votic
vures.xls,Vurës
vwanji.xlsx,Vwanji
wa.xls,Wa
waama.xls,Waama
waata.xls,Waata
wadi.xls,Wa'di
waiwai.xlsx,Waiwai
wallisian.xls,Wallisian
walloon.xls,Walloon
wambaya.xls,Wambaya
wambule.xls,Wambule
wamesa.xls,Wamesa
wancho.xls,Wancho
wanetsi.xls,Wanetsi
wantoat.xls,Wantoat
waorani.xls,Waorani
wapishana.xlsx,Wapishana
warao.xlsx,Warao
wardaman.xls,Wardaman
warlpiri.xls,Warlpiri
washo.xls,Washo
wayana.xls,Wayana
wayuu.xls,Wayuu
wejewa.xlsx,Wejewa
welsh.xls,Welsh
wenzhounese.xls,Wenzhounese
westpolesian.xls,West Polesian
westteke.xlsx,West Teke
westernfijian.xls,Western Fijian
westernrote.xls,Western Rote
westernsisaala.xls,Western Sisaala
westernsubanon.xls,Western Subanon
westernyugur.xls,Western Yugur
westuvean.xls,West Uvean
wichilhamtesguisnay.xls,Wichí Lhamtés Güisnay
wichilhamtesnocten.xls,Wichí Lhamtés Nocten
wichilhamtesvejoz.xls,Wichí Lhamtés Vejoz
wichita.xls,Wichita
wintu.xls,Wintu
wiradjuri.xls,Wiradjuri
wiyot.xlsx,Wiyot
wobe.xls,Wobé
woleaian.xls,Woleaian
wolio.xls,Wolio
wolof.xls,Wolof
wukchumni.xls,Wukchumni
wymysorys.xls,Wymysorys
wyandot.xls,Wyandot
xiaoerjing.xls,Xiao'erjing
xibe.xls,Xibe
xhosa.xls,Xhosa
xong.xls,Xong
yaaku.xlsx,Yaaku
yabem.xls,Yabem
yaeyama.xls,Yaeyama
yaghan.xls,Yaghan
yaghnobi.xls,Yaghnobi
yaka.xlsx,Yaka
yakama.xls,Yakama
yakan.xls,Yakan
yakkha.xls,Yakkha
yakut.xls,Yakut
yamba.xlsx,Yamba
yamdena.xls,Yamdena
yaminawa.xls,Yaminawa
yanesha.xls,Yanesha'
yankunytjatjara.xls,Yankunytjatjara
yanomamo.xls,Yanomamö
yapese.xlsx,Yapese
yaqui.xls,Yaqui
yasa.xls,Yasa
yazghulami.xls,Yazghulami
yekuana.xls,Yeʼkuana
yele.xlsx,Yele
yelmek.xlsx,Yelmek
yemba.xlsx,Yemba
yevanic.xls,Yevanic
yeyi.xlsx,Yeyi
yezidi.xls,Yezidi
yi.xls,Yi (Nuoso/Lolo)
yiddish.xls,Yiddish
yidgha.xls,Yidgha
yijing.xls,Yi Jing Hexagrams
yimchungru.xls,Yimchungrü
yindjibarndi.xls,Yindjibarndi
yocobouedida.xls,Yocoboué Dida
yogad.xls,Yogad
yolngu.xls,Yolŋu
yom.xlsx,Yom
yonaguni.xls,Yonaguni
yangzhuang.xls,Yang Zhuang
yawuru.xls,Yawuru
yola.xls,Yola
yolmo.xls,Yolmo
yoron.xls,Yoron
yoruba.xls,Yoruba
yucatecmaya.xls,Yucatec Maya
yuchi.xls,Yuchi
southernyukaghir.xls,Yukaghir (Southern / Kolyma)
tundrayukaghir.xls,Yukaghir (Tundra / Northern)
yukpa.xls,Yukpa
yupik.xls,Yup'ik
yurok.xlsx,Yurok
yuruti.xls,Yurutí
zaghawa.xls,Zaghawa
zaiwa.xls,Zaiwa
zapotec-aloapam.xls,Zapotec (Aloápam)
zapotec-choapam.xls,Zapotec (Choápam)
zapotec-guila.xls,Zapotec (Güilá)
zapotec-isthmus.xls,Zapotec (Isthmus)
zapotec-miahuatlan.xls,Zapotec (Miahuatlán)
zapotec-rincon.xls,Zapotec (Rincón)
zapotec-sandionisioocotepec.xls,Zapotec (San Dionisio Ocotepec)
zapotec-zoogocho.xls,Zapotec (Zoogocho)
zeelandic.xls,Zeelandic
zeme.xls,Zeme
zenaga.xls,Zenaga
zhuang.xls,Zhuang
zigula.xls,Zigula
zinza.xlsx,Zinza
zotung.xlsx,Zotung
zou.xls,Zou
zoulai.xls,Zoulai
zulgo-gemzek.xlsx,Zulgo-Gemzek
zulu.xls,Zulu
zuwara.xls,Zuwara Berber
