aari.htm,Aari
abaza.htm,Abaza
abellen.htm,Abellen
abenaki.php,Abenaki
abidji.htm,Abidji
abkhaz.htm,Abkhaz
aborlantagbanwa.htm,Aborlan Tagbanwa
abua.htm,Abua
abui.htm,Abui
acazulcootomi.htm,Acazulco Otomi
acehnese.htm,Acehnese
achagua.htm,Achagua
achang.htm,Achang
acheron.htm,Acheron
achi.htm,Achi
acholi.htm,Acholi
achuarshiwiar.htm,Achuar-Shiwiar
achumawi.htm,Achumawi
adaizan.htm,Adaizan
adamaua.htm,Adamaua Fulfulde
adele.htm,Adele
adhola.htm,Adhola
adyghe.htm,Adyghe
adzera.htm,Adzera
afar.htm,Afar
afitti.htm,Afitti
afrikaans.htm,Afrikaans
aghul.htm,Aghul
aguaruna.htm,Aguaruna
agutaynen.htm,Agutaynen
ahamb.htm,Ahamb
ahanta.htm,Ahanta
ahmao.htm,A-Hmao
ahom.htm,Ahom
ahtna.htm,Ahtna
ainu.htm,Ainu
aiton.htm,Aiton
aiwoo.htm,Äiwoo
aja.htm,Aja
ajie.htm,Ajië
aka.htm,Aka
akajeru.htm,Aka-Jeru
akan.htm,Akan
akatek.htm,Akatek
akawaio.htm,Akawaio
akha.htm,Akha
akhvakh.htm,Akhvakh
akkadian.htm,Akkadian
aklan.htm,Aklan
akuapem.htm,Akuapem
akurio.htm,Akurio
alabama.php,Alabama
alasha.htm,Alasha
albanian.htm,Albanian
aleut.htm,Aleut
algonquin.htm,Algonquin
alorese.htm,Alorese
alsatian.htm,Alsatian
altay.htm,Altay
alur.htm,Alur
alutiiq.htm,Alutiiq
alyawarr.htm,Alyawarr
alyutor.htm,Alyutor
amahuaca.htm,Amahuaca
amami.htm,Amami
amarakaeri.htm,Amarakaeri
amarasi.htm,Amarasi
ambai.htm,Ambai
ambala.htm,Ambala
ambel.htm,Ambel
amdotibetan.htm,Amdo Tibetan
amele.htm,Amele
amharic.htm,Amharic
amis.htm,Amis
amkoe.htm,ǂʼAmkoe (ǂHoan)
andi.htm,Andi
andoa.htm,Andoa
andoque.htm,Andoque
aneityum.htm,Aneityum
angami.htm,Angami
angika.htm,Angika
anii.htm,Anii
anindilyakwa.htm,Anindilyakwa
anuak.htm,Anuak
anuki.htm,Anuki
anutan.htm,Anutan
anyin.htm,Anyin
apache.htm,Apache (Western)
apatani.htm,Apatani
apma.htm,Apma
apurina.htm,Apurinã
arabela.htm,Arabela
arabic_algerian.htm,Arabic (Algerian)
arabic_bedawi.htm,Arabic (Bedawi)
arabic_chadian.htm,Arabic (Chadian)
cypriotarabic.htm,Arabic (Cypriot)
arabic_egypt.htm,Arabic (Egyptian)
arabic_gulf.htm,Arabic (Gulf)
arabic_hassaniya.htm,Arabic (Hassaniya)
arabic_hejazi.htm,Arabic (Hejazi)
lebanese.htm,Arabic (Lebanese)
arabic_libyan.htm,Arabic (Libyan)
arabic.htm,Arabic (Modern Standard)
arabic_moroccan.htm,Arabic (Moroccan)
arabic_najdi.htm,Arabic (Najdi)
arabic_sudanese.htm,Arabic (Sudanese)
arabic_syrian.htm,Arabic (Syrian)
arabic_tunisian.htm,Arabic (Tunisian)
aragonese.php,Aragonese
arakanese.htm,Arakanese
araki.htm,Araki
aramaic.htm,Aramaic
aranese.htm,Aranese
arapaho.htm,Arapaho
arawak.htm,Arawak
arberesh.htm,Arbëresh
archi.htm,Archi
are.htm,Are
areare.htm,ꞌAreꞌare
argobba.htm,Argobba
arhuaco.htm,Arhuaco
arikara.htm,Arikara
aringa.htm,Aringa
armenian.htm,Armenian (Eastern)
armenian.htm,Armenian (Western)
aromanian.htm,Aromanian
arosi.htm,Arosi
arrernte.htm,Arrernte
arta.htm,Arta
arvanitic.php,Arvanitic
ashaninka.htm,Asháninka
asheninka.htm,Ashéninka
assamese.htm,Assamese
assiniboine.htm,Assiniboine
assyrianneoaramaic.htm,Assyrian / Neo-Assyrian
asturian.htm,Asturian
atayal.htm,Atayal
ateso.htm,Ateso
athpare.htm,Athpare
atikamekw.htm,Atikamekw
atong.htm,Atong
auhelawa.htm,ʼAuhelawa
aushi.htm,Aushi
austral.htm,Austral
avar.htm,Avar
avatime.htm,Avatime
avava.htm,Avava
avestan.htm,Avestan
avokaya.htm,Avokaya
awapit.htm,Awa Pit
awadhi.htm,Awadhi
awakatek.htm,Awakatek
awara.htm,Awara
awing.htm,Awing
awngi.htm,Awngi
ayizo.htm,Ayizo
aymara.htm,Aymara
aynu.htm,Äynu
ayoreo.htm,Ayoreo
azeri.htm,Azerbaijani
babatana.htm,Babatana
babinewitsuwiten.htm,Babine-Witsuwitʼen
badaga.htm,Badaga
bade.htm,Bade
baduy.htm,Baduy
bagatha.htm,Bagatha
bafanji.htm,Bafanji
bafaw-balong.htm,Bafaw-Balong
bagirmi.htm,Bagirmi
bagri.htm,Bagri
bagvalal.htm,Bagvalal
bahing.htm,Bahing
bahnar.htm,Bahnar
bai.htm,Bai
bajaw.htm,Bajaw
baka.htm,Baka
bakairi.htm,Bakairi
bakati.htm,Bakatiʼ
balangao.htm,Balangao
balantaganja.htm,Balanta-Ganja
balantakentohe.htm,Balanta-Kentohe
balantak.htm,Balantak
balinese.htm,Balinese
balti.htm,Balti
baluchi.php,Baluchi
bambalang.htm,Bambalang
bambam.htm,Bambam
bambara.htm,Bambara
bambassi.htm,Bambassi
bamum.htm,Bamum
bamunka.htm,Bamunka
bana.htm,Bana
bandial.htm,Bandial
banggai.htm,Banggai
bangi.htm,Bangi
bangubangu.htm,Bangubangu
baniwa.htm,Baniwa
guainia.htm,Baniwa of Guainía
banjarese.htm,Banjarese
bantawa.htm,Bantawa
bantayanon.htm,Bantayanon
bantik.htm,Bantik
bantoanon.htm,Bantoanon
baoule.htm,Baoulé
barai.htm,Barai
barbareno.htm,Barbareño
bardi.htm,Bardi
barein.htm,Barein
bari.htm,Bari
bariai.htm,Bariai
bariba.htm,Bariba
barin.htm,Barin (Mongolian)
bartangi.htm,Bartangi
basaa.htm,Basaa
bashkir.htm,Bashkir
basque.htm,Basque
bassa.htm,Bassa
bassari.htm,Bassari
batakangkola.htm,Batak Angkola
batakdairi.htm,Batak Dairi / Pakpak
batakkaro.htm,Batak Karo
batakmandaling.htm,Batak Mandailing
bataksimalungun.htm,Batak Simalungun
bataktoba.htm,Batak Toba
batsbi.htm,Batsbi
batuley.htm,Batuley
baure.htm,Baure
bavarian.htm,Bavarian
bawm.htm,Bawm
baybayanon.htm,Baybayanon
beami.htm,Beami
beembe.htm,Beembe
beja.htm,Beja
belandabor.htm,Belanda Bor
belandaviri.htm,Belanda Viri
belarusian.htm,Belarusian
belhare.htm,Belhare
beli.htm,Beli
belait.htm,Belait
bemba.php,Bemba
bena.htm,Bena
bench.htm,Bench
benga.htm,Benga
bengali.htm,Bengali
bengkulu.htm,Bengkulu
berba.htm,Berba
berom.htm,Berom
betawi.htm,Betawi
betedaloa.htm,Bete (Daloa)
bezhta.htm,Bezhta
bhaca.htm,Bhaca
bhili.htm,Bhili
bhojpuri.htm,Bhojpuri
bhumij.htm,Bhumij
biak.htm,Biak
biatah.htm,Biatah
biete.htm,Biete
bignumbas.htm,Big Numbas
bikol.php,Bikol
bila.htm,Bila
bilaspuri.htm,Bilaspuri
biloxi.htm,Biloxi
bilua.htm,Bilua
bima.htm,Bima
bimin.htm,Bimin
bininjkunwok.htm,Bininj Kunwok
binukid.htm,Binukid
binumarien.htm,Binumarien
birifornorthern.htm,Birifor (Northern)
biriforsouthern.htm,Birifor (Southern)
bishnupriyamanipuri.htm,Bishnupriya Manipuri
bislama.php,Bislama
bissa.htm,Bissa
bisu.htm,Bisu
blaan.htm,Blaan
blackfoot.htm,Blackfoot
blagar.htm,Blagar
blin.htm,Blin
bodo.htm,Bodo
bokar.htm,Bokar
boko.htm,Boko
bola.htm,Bola
bole.htm,Bole
bolinao.htm,Bolinao
bolyu.htm,Bolyu
bonggi.htm,Bonggi
bongo.htm,Bongo
bontoc.htm,Bontoc
bora.htm,Bora
bori.htm,Bori
borong.htm,Borong
bosnian.htm,Bosnian
botlikh.htm,Botlikh
botolan.htm,Botolan
bouyei.htm,Bouyei
brahui.htm,Brahui
braj.htm,Braj
brao.htm,Brao
breton.htm,Breton
bribri.htm,Bribri
bruneimalay.htm,Brunei Malay
bube.htm,Bube
budu.htm,Budu
budukh.htm,Budukh
bugan.htm,Bugan
bugis.htm,Bugis
bugkalot.htm,Bugkalot
buglere.htm,Buglere
buhid.htm,Buhid
buhutu.htm,Buhutu
bujeba.htm,Bujeba
bukar-sadong.htm,Bukar–Sadong
bukid.htm,Bukid
bukiyip.htm,Bukiyip
bukusu.htm,Bukusu
bulgarian.htm,Bulgarian
bulu.htm,Bulu
bunak.htm,Bunak
bundjalung.htm,Bundjalung
bungku.htm,Bungku
bunun.htm,Bunun
buol.htm,Buol
burarra.htm,Burarra
burmese.htm,Burmese (Myanmar)
burum.htm,Burum
burushaski.php,Burushaski
buryat.htm,Buryat
busa.htm,Busa
bushi.htm,Bushi
bushong.htm,Bushong
butuanon.htm,Butuanon
bwaidoka.htm,Bwaidoka
caac.htm,Caac
cabecar.htm,Cabécar
caddo.htm,Caddo
calamiantagbanwa.htm,Calamian Tagbanwa
calo.htm,Caló
caluyanon.htm,Caluyanon
khmer.htm,Cambodian (Khmer)
protosinaitc.htm,Canaanite
candoshishapra.htm,Candoshi-Shapra
kriol.php,Cape Verdean Creole
capiznon.htm,Capiznon
caquinte.htm,Caquinte
car.htm,Car
carapana.htm,Carapana
carian.php,Carian
carib.htm,Carib
carijona.htm,Carijona
carolinian.htm,Carolinian
carrier.htm,Carrier
casiguran.htm,Casiguran Dumagat Agta
catalan.htm,Catalan
catio.htm,Catio
caucasianalbanian.htm,Caucasian Albanian (Old Udi)
cayuga.php,Cayuga
cebaara.htm,Cebaara
cebuano.htm,Cebuano
celtiberian.htm,Celtiberian
cemuhi.htm,Cèmuhî
centraldusun.htm,Central Dusun
centralkilimanjaro.htm,Central Kilimanjaro
centralkung.htm,Central ǃKung
centralsinama.htm,Central Sinama
centralteke.htm,Central Teke
chagatai.htm,Chagatai
chaha.htm,Chaha
chakhar.htm,Chakhar
chakma.htm,Chakma
chakosi.htm,Chakosi
chaldeanneoaramaic.htm,Chaldean Neo-Aramaic
cham.htm,Cham
chamacoco.htm,Chamacoco
chamalal.htm,Chamalal
chambeali.htm,Chambeali
chami.htm,Chami
chamicuro.htm,Chamicuro
chamling.htm,Chamling
chamorro.htm,Chamorro
chana.htm,Chaná
chang.htm,Chang
chapalaachi.htm,Cha'palaachi
chatino.htm,Chatino
chaura.htm,Chaura
chavacano.php,Chavacano
chayahuita.htm,Chayahuita
chechen.htm,Chechen
chekeholo.htm,Cheke Holo
chelkan.htm,Chelkan
cherepon.htm,Cherepon
cherokee.htm,Cherokee
cheyenne.htm,Cheyenne
chhantyal.htm,Chhantyal
chhattisgarhi.htm,Chhattisgarhi
chicahuaxtlatriqui.htm,Chicahuaxtla Triqui
chichewa.php,Chichewa
chickasaw.htm,Chickasaw
chilcotin.htm,Chilcotin
chimalapazoque.htm,Chimalapa Zoque
chinanteco.htm,Chinanteco
../chinese/cantonese.htm,Chinese (Cantonese)
../chinese/dungan.htm,Chinese (Dungan)
../chinese/fuzhounese.htm,Chinese (Fuzhounese)
../chinese/gan.htm,Chinese (Gan)
../chinese/hakka.htm,Chinese (Hakka)
../chinese/jianou.htm,Chinese (Jian'ou)
../chinese/mandarin.htm,Chinese (Mandarin)
../chinese/puxian.htm,Chinese (Puxian)
../chinese/shanghainese.htm,Chinese (Shanghainese)
../chinese/taiwanese.htm,Chinese (Taiwanese)
../chinese/taiwanesehakka.htm,Chinese (Taiwanese Hakka)
../chinese/teochew.htm,Chinese (Teochew)
../chinese/weitou.htm,Chinese (Weitou)
../chinese/wenzhounese.htm,Chinese (Wenzhounese)
../chinese/wu.htm,Chinese (Wu)
../chinese/xiang.htm,Chinese (Xiang)
../chinese/yue.htm,Chinese (Yue)
chinook.htm,Chinook
chinookjargon.htm,Chinook Jargon
chipewyan.htm,Chipewyan
chippewa.htm,Chippewa
chiru.htm,Chiru
chitimacha.htm,Chitimacha
chittagonian.htm,Chittagonian
chiwere.htm,Chiwere
chochangacha.htm,Chocha Ngacha
choctaw.htm,Choctaw
chokwe.htm,Chokwe
chol.htm,Chʼol
choni.htm,Choni
chorti.htm,Chorti
chrau.htm,Chrau
chru.htm,Chru
chuj.htm,Chuj
chukchansi.htm,Chukchansi
chukchi.htm,Chukchi
chulym.htm,Chulym
chumburung.htm,Chumburung
chungliao.htm,Chungli Ao
chuukese.htm,Chuukese
chuvash.htm,Chuvash
chuwabu.htm,Chuwabu
ciacia.htm,Cia-Cia
cimbrian.htm,Cimbrian
cipu.htm,Cipu
coastalkadazan.htm,Coastal Kadazan
cocama.htm,Cocama
cocopah.htm,Cocopah
coeurdalene.htm,Coeur d'Alene
cofan.htm,Cofán
comanche.htm,Comanche
comorian.htm,Comorian
comox.htm,Comox
copalatriqui.htm,Copala Triqui
coptic.htm,Coptic
cora.htm,Cora
cornish.htm,Cornish
corsican.htm,Corsican
eastcree.htm,Cree (East)
moosecree.htm,Cree (Moose)
plainscree.htm,Cree (Plains)
swampycree.htm,Cree (Swampy)
woodscree.htm,Cree (Woods)
crimeantatar.php,Crimean Tatar
croatian.htm,Croatian
crow.htm,Crow
cua.htm,Cua
cubeo.htm,Cubeo
cumbric.htm,Cumbric
curripaco.htm,Curripaco
cuyonon.htm,Cuyonon
czech.htm,Czech
daakaka.htm,Daakaka
daasanach.htm,Daasanach
dadibi.htm,Dadibi
daga.htm,Daga
dagaare.htm,Dagaare
dagbani.htm,Dagbani
dajumongo.htm,Daju Mongo
sioux.htm,Dakota (Sioux)
dalmatian.htm,Dalmatian
dan.htm,Dan
dananshanmiao.htm,Dananshan Miao
beaver.htm,Dane-zaa (Beaver)
dangaleat.htm,Dangaléat
dangme.htm,Dangme
danish.htm,Danish
danwar.htm,Danwar
dargwa.htm,Dargwa
dari.htm,Dari
darmiya.htm,Darmiya
datooga.htm,Datooga
daur.htm,Daur
dawan.php,Dawan
daza.htm,Daza
dciriku.htm,Dciriku
defaka.htm,Defaka
degema.htm,Degema
degxinag.htm,Deg Xinag
denaina.htm,Denaʼina
dengebu.htm,Dengebu
desano.htm,Desano
desiya.htm,Desiya
dhao.htm,Dhao
dharawal.htm,Dharawal
dhatki.htm,Dhatki
dhimal.htm,Dhimal
dholuo.php,Dholuo (Luo)
dhundari.htm,Dhundari
dhurwa.htm,Dhurwa
dhuwal.htm,Dhuwal
digaro.htm,Digaro Mishmi
digo.htm,Digo
dilling.htm,Dilling
dinka.php,Dinka
dioula.htm,Dioula
dirasha.htm,Dirasha
ditidaht.htm,Ditidaht
diyari.htm,Diyari
dizin.htm,Dizin
djabugay.htm,Djabugay
djinang.htm,Djinang
djinba.htm,Djinba
dogri.htm,Dogri
dolgan.htm,Dolgan
domari.htm,Domari
dominicancreole.htm,Dominican Creole French
dongotono.htm,Dongotono
dorig.htm,Dorig
doteli.htm,Doteli
drehu.php,Drehu
drung.htm,Drung
duala.php,Duala
dumi.htm,Dumi
dupaningan.htm,Dupaningan
duri.htm,Duri
kadazandusun.htm,Dusun
dutch.htm,Dutch
dzongkha.php,Dzongkha (Bhutanese)
ebira.htm,Ebira
edo.htm,Edo
efik.htm,Efik
egene.htm,Egene
ekokakung.htm,Ekoka ǃKung
ekpeye.htm,Ekpeye
elamite.htm,Elamite
elfdalian.htm,Elfdalian
emae.htm,Emae
embera.htm,Emberá (Northern)
emerillon.htm,Emerillon
emilian-romagnol.htm,Emilian-Romagnol
enawenenawe.htm,Enawene Nawe
ende.htm,Ende
enets.htm,Enets
enggano.htm,Enggano
english.htm,English
eperara.htm,Eperara
erromintxela.htm,Erromintxela
erzya.htm,Erzya
esan.htm,Esan
esimbi.htm,Esimbi
esperanto.htm,Esperanto
estonian.htm,Estonian
eton.htm,Eton
etruscan.htm,Etruscan
even.htm,Even
evenki.htm,Evenki
ewe.htm,Ewe
ewondo.php,Ewondo
extremaduran.htm,Extremaduran
eyak.php,Eyak
fala.htm,Fala
falam.htm,Falam
faliscan.htm,Faliscan
fanagalo.htm,Fanagalo
fang.htm,Fang
fante.htm,Fante
faroese.htm,Faroese
fataluku.htm,Fataluku
fefe.htm,Feʼfeʼ
fijihindi.htm,Fiji Hindi
fijian.htm,Fijian
finnish.htm,Finnish
finnishkalo.htm,Finnish Kalo
flemish.htm,Flemish
folkspraak.htm,Folkspraak
fon.htm,Fon
foodo.htm,Foodo
fordata.htm,Fordata
fox.htm,Fox
frafra.htm,Frafra
francoprovencal.htm,Franco-Provençal
french.htm,French
guyanais.htm,French Guianese Creole
eastfrisian.htm,Frisian (East)
northfrisian.htm,Frisian (North)
saterlandfrisian.htm,Frisian (Saterland)
westfrisian.htm,Frisian (West)
friulian.htm,Friulian
fula.htm,Fula(ni)
fuliiru.htm,Fuliiru
fur.htm,Fur
futuna-aniwa.htm,Futuna-Aniwa
futunan.htm,Futunan
fuyukyrgyz.htm,Fuyu Kyrgyz
fwe.htm,Fwe
ga.htm,Ga
gaam.htm,Gaam
gadaba.htm,Gadaba
gaddang.htm,Gaddang
gaddi.htm,Gaddi
gagauz.htm,Gagauz
galela.htm,Galela
galician.htm,Galician
gallo.htm,Gallo
galo.htm,Galo
galoli.htm,Galoli
gamilaraay.htm,Gamilaraay
ganda.php,Ganda
kharosthi.htm,Gandhari
garawa.htm,Garawa
garhwali.htm,Garhwali
garifuna.htm,Garifuna
garo.htm,Garo
gascon.htm,Gascon
gaulish.htm,Gaulish
gawarbati.htm,Gawar Bati
gawri.htm,Gawri
gawar.htm,Gawar
gawwada.htm,Gawwada
gayo.htm,Gayo
ethiopic.htm,Ge'ez
gela.htm,Gela
genoese.htm,Genoese
georgian.htm,Georgian
german.htm,German
ghadames.htm,Ghadamès
ghari.htm,Ghari
ghomala.htm,Ghomalaʼ
ghomara.htm,Ghomara
ghulfan.htm,Ghulfan
gija.htm,Gija
gilaki.htm,Gilaki
giryama.htm,Giryama
gitxsan.htm,Gitxsan
glosa.htm,Glosa
godie.htm,Godié
godoberi.htm,Godoberi
goemai.htm,Goemai
gogo.htm,Gogo
gondi.htm,Gondi
gonja.htm,Gonja
gooniyandi.php,Gooniyandi
goral.htm,Goral
gorontalo.htm,Gorontalo
gothic.htm,Gothic
gottscheerish.htm,Gottscheerish
goudu.htm,Goudu
gourmanchema.htm,Gourmanchéma
greek.htm,Greek
greenlandic.htm,Greenlandic
griko.htm,Griko
gronings.htm,Gronings
guadeloupean.php,Guadeloupean Creole
guambiano.htm,Guambiano
guanche.htm,Guanche
guanano.htm,Guanano
guarani.htm,Guarani
guaymi.htm,Guaymí
guere.htm,Guere
guernesiais.htm,Guernésiais
gugadja.php,Gugadja/Kukatja
gui.htm,Gǀui
guineabissaucreole.htm,Guinea-Bissau Creole
gujarati.htm,Gujarati
gumuz.htm,Gumuz
gun.htm,Gun
guna.htm,Guna
guro.htm,Guro
gurung.htm,Gurung
gusii.htm,Gusii
guuguyalandji.htm,Guugu Yalandji
guuguyimithirr.htm,Guugu Yimithirr
gwere.htm,Gwere
gwichin.php,Gwichʼin
gyele.htm,Gyele
southarabian.htm,Hadhramautic
hadiyya.htm,Hadiyya
hadza.htm,Hadza
haida.htm,Haida
haisla.htm,Haisla
haitiancreole.htm,Haitian Creole
hajong.htm,Hajong
hakha.htm,Hakha
halbi.htm,Halbi
halkomelem.htm,Halkomelem
hamer.htm,Hamer(-Banna)
hamtai.htm,Hamtai
han.htm,Hän
hanga.htm,Hanga
hani.htm,Hani
hanunoo.htm,Hanuno'o
harari.htm,Harari
haroi.htm,Haroi
haryanvi.htm,Haryanvi
hatangkayi.htm,Hatang Kayi
hausa.htm,Hausa
hawaiian.htm,Hawaiian
hawu.htm,Hawu
haya.htm,Haya
hazaragi.htm,Hazaragi
hdi.htm,Hdi
hebrew.htm,Hebrew
hehe.htm,Hehe
heiltsuk.htm,Heiltsuk
helong.htm,Helong
herero.php,Herero
hidatsa.htm,Hidatsa
hiligaynon.htm,Hiligaynon
hillmiri.htm,Hill Miri
southarabian.htm,Himyaritic
hindi.htm,Hindi
hindko.htm,Hindko
hinukh.htm,Hinukh
hirimotu.htm,Hiri Motu
hittite.htm,Hittite
hiw.htm,Hiw
hixkaryana.htm,Hixkaryana
hmar.htm,Hmar
hmong.htm,Hmong
hmongdau.htm,Hmong Dau
hmongnjua.htm,Hmong Njau
hmu.htm,Hmu
ho.htm,Ho
hoava.htm,Hoava
hopi.htm,Hopi
hochunk.htm,Ho-Chunk
tangut.htm,Hsihsia
huambisa.htm,Huambisa
huarijio.htm,Huarijio
huasteco.htm,Huasteco
huehuetlatepehua.htm,Huehuetla Tepehua
huichol.htm,Huichol
huilliche.htm,Huilliche
huli.htm,Huli
hungarian.htm,Hungarian
hunsrik.htm,Hunsrik
hunzib.htm,Hunzib
hupa.htm,Hupa
iaai.htm,Iaai
ibaloi.htm,Ibaloi
iban.htm,Iban
ibanag.htm,Ibanag
iberian.htm,Iberian
ibibio.htm,Ibibio
ibinda.htm,Ibinda
icelandic.htm,Icelandic
iceve-maci.htm,Iceve-Maci
idaan.htm,Idaʼan
idaxo-isuxa-tiriki.htm,Idaxo-Isuxa-Tiriki
ido.htm,Ido
idumishmi.htm,Idu Mishmi
ifugao.htm,Ifugao
igala.htm,Igala
igbo.htm,Igbo
ik.htm,Ik
ikizu.htm,Ikizu
ikoma.htm,Ikoma
ikpeng.htm,Ikpeng
ikwerre.htm,Ikwerre
iliturki.htm,Iki Turki
ilocano.htm,Ilocano
inabaknon.htm,Inabaknon
inapari.htm,Iñapari
indonesian.htm,Indonesian
induskohistani.htm,Indus Kohistani
ingrian.htm,Ingrian
ingush.htm,Ingush
innu.htm,Innu (Montagnais)
inor.htm,Inor
interglossa.htm,Interglossa
interlingua.htm,Interlingua
interslavic.htm,Interslavic
inuinnaqtun.htm,Inuinnaqtun
inuktitut.htm,Inuktitut
inuktun.htm,Inuktun
inupiaq.php,Iñupiaq
ipai.htm,Ipai
iquito.htm,Iquito
iranun.htm,Iranun
iraqw.htm,Iraqw
iraya.htm,Iraya
irish.htm,Irish
irula.htm,Irula
isan.htm,Isan
ishkashimi.htm,Ishkashimi
isinai.htm,Isinai
isnag.htm,Isnag
isoko.htm,Isoko
isthmusmixe.htm,Isthmus Mixe
istro-romanian.htm,Istro-Romanian
istriot.htm,Istriot
italian.htm,Italian
itawis.htm,Itawis
itbayat.htm,Itbayat
itelmen.htm,Itelmen
itza.htm,Itzaʼ
iumien.htm,Iu Mien
ivatan.htm,Ivatan
ivbiosakon.htm,Ivbiosakon
ivilyuat.htm,Ivilyuat / Cahuilla
ixil.htm,Ixil
iyowujwachorote.htm,Iyo'wujwa Chorote
izon.htm,Izon
jabo.htm,Jabo
jahhut.htm,Jah Hut
jakaltek.htm,Jakaltek
jamaican.php,Jamaican
jaminjung.htm,Jaminjung
japanese.htm,Japanese
japreria.htm,Japreria
jaqaru.htm,Jaqaru
jarai.htm,Jarai
jarawa.htm,Jarawa
jarud.htm,Jarud
jatapu.htm,Jatapu
jaunsari.htm,Jaunsari
javanese.htm,Javanese
jebero.htm,Jebero
jeju.htm,Jeju
jemez.htm,Jemez
jerriais.htm,Jèrriais (Jersey Norman French)
jewishneoaramaic.htm,Jewish Neo-Aramaic
jibu.htm,Jibu
jicarilla.htm,Jicarilla
jju.htm,Jju
jingulu.htm,Jingulu
jingpho.htm,Jingpho
jirel.htm,Jirel
jita.htm,Jita
jolafonyi.htm,Jola-Fonyi
jru.htm,Jru
juang.htm,Juang
judeo-arabic.htm,Judeo-Arabic
judeopersian.htm,Judeo-Persian
juhoan.htm,Juǀʼhoan
juhuri.htm,Juhuri
jumli.htm,Jumli
jurchen.htm,Jurchen
jurmodo.htm,Jur Modo
kabardian.htm,Kabardian
kabiye.htm,Kabiye
kabwa.htm,Kabwa
kabyle.php,Kabyle
kadaru.htm,Kadaru
kadazandusun.htm,Kadazandusun
kadiweu.htm,Kadiwéu
kadugli.htm,Kadugli
kafa.htm,Kafa
kagate.htm,Kagate
kagayanen.htm,Kagayanen
kahua.htm,Kahua
kaingang.php,Kaingang
kaitag.htm,Kaitag
kaiwa.htm,Kaiwá
kakabai.htm,Kakabai
kako.htm,Kako
kakwa-africa.htm,Kakwa (Africa)
kakwa.htm,Kakwa (Brazil and Colombia)
kalabari.htm,Kalabari
kalalagawya.htm,Kala Lagaw Ya
kalanga.htm,Kalanga
kalanguya.htm,Kalanguya
kalderash.htm,Kalderash Romani
kalkatungu.htm,Kalkatungu
kalkoti.htm,Kalkoti
kalmyk.htm,Kalmyk
kam.htm,Kam
kamasau.htm,Kamasau
kamba.htm,Kamba
kambari.htm,Kambari
kambera.htm,Kambera
kamda.htm,Kamda
kammara.htm,Kammara
kanakanavu.htm,Kanakanavu
kanasi.htm,Kanasi
kanga.htm,Kanga
kangri.htm,Kangri
kaninuwa.htm,Kaninuwa
kankanaey.htm,Kankanaey
kannada.htm,Kannada
kannauji.htm,Kannauji
kanuri.htm,Kanuri
kanyok.htm,Kanyok
kapampangan.php,Kapampangan
kapingamarangi.htm,Kapingamarangi
kapong.htm,Kapóng
kaqchikel.htm,Kaqchikel
kar.htm,Kar
karaikarai.htm,Karai-karai
balkar.htm,Karachay-Balkar
karaim.htm,Karaim
karakalpak.php,Karakalpak
karamanliturkish.htm,Karamanli Turkish
karamojong.php,Karamojong
karata.htm,Karata
karbi.htm,Karbi
karelian.htm,Karelian
karen-eastern-pwo.htm,Karen (Eastern Pwo)
manumanaw.htm,Karen (Manumanaw)
redkaren.htm,Karen (Red / Kayah Li)
karen.htm,Karen (S'gaw)
karuk.htm,Karuk
kasem.htm,Kasem
kashaya.htm,Kashaya
kashibo.htm,Kashibo
kashinawa.htm,Kashinawa
kashmiri.htm,Kashmiri
kashubian.htm,Kashubian
kaska.htm,Kaska
katu.htm,Katu
kaurna.htm,Kaurna
kavalan.htm,Kavalan
kawaiisu.htm,Kawaiisu
kawesqar.htm,Kawésqar
kazakh.htm,Kazakh
kebu.htm,Kebu
kei.htm,Kei
keiga.htm,Keiga
keiyo.htm,Keiyo
qeqchi.htm,Kekchi
kelabit.htm,Kelabit
keliko.htm,Keliko
kembayan.htm,Kembayan
kendayan.htm,Kendayan
kensweinsei.htm,Kenswei Nsei
keo.htm,Kéo
kera.htm,Kera
keres.htm,Keres
kerinci.htm,Kerinci
ket.htm,Ket
ketengban.htm,Ketengban
khakas.htm,Khakas
khalaj.htm,Khalaj
khaling.htm,Khaling
kham.htm,Kham (Eastern Parbate)
khamnigan.htm,Khamnigan Mongol
khamstibetan.htm,Khams Tibetan
khamti.htm,Khamti
khandeshi.htm,Khandeshi
khanty.htm,Khanty
kharia.htm,Kharia
khasi.htm,Khasi
khengkha.htm,Khengkha
khinalug.htm,Khinalug
khitan.htm,Khitan
khmer.htm,Khmer
khmu.htm,Khmu
khoekhoe.htm,Khoekhoe
khorasaniturkic.htm,Khorasani Turkic
khorchin.htm,Khorchin Mongolian
khortha.htm,Khortha
khowar.htm,Khowar
khufi.htm,Khufi
khun.htm,Khün
khwarshi.htm,Khwarshi
kiche.htm,Kʼicheʼ
kichwa.htm,Kichwa
kickapoo.htm,Kickapoo
kiga.htm,Kiga
kikai.htm,Kikai
kikuyu.htm,Kikuyu
kili.htm,Kili
kiliwa.htm,Kiliwa
kim.htm,Kim
kimbundu.htm,Kimbundu
kinabalian.htm,Kinabalian
kinaraya.htm,Kinaray-a
kinyarwanda.htm,Kinyarwanda
kiowa.htm,Kiowa
kipsigis.htm,Kipsigis
kiribati.htm,Kiribati
kirundi.php,Kirundi
kisi.htm,Kisi
kissi.htm,Kissi
kituba.htm,Kituba
klallam.htm,Klallam
klamath.htm,Klamath
klata.htm,Klata
knaanic.htm,Knaanic
koasati.htm,Koasati
kobo.htm,Kobo
koch.htm,Koch
koda.htm,Koda
kodava.htm,Kodava
kodeoha.htm,Kodeoha
kogo.htm,Kogo
koho.htm,Koho
kokborok.htm,Kokborok
kokota.htm,Kokota
kolam.htm,Kolam
kom.htm,Kom (Cameroon)
komrem.htm,Kom (India)
komering.htm,Komering
komi.htm,Komi
komo-bantu.htm,Komo (Bantu)
komo.htm,Komo (Nilo-Saharan)
konda.htm,Konda-Dora
kongo.htm,Kongo
konjo.htm,Konjo
konkani.htm,Konkani
konkomba.htm,Konkomba
korean.htm,Korean
korku.htm,Korku
koro.htm,Koro
koryak.htm,Koryak
kosraean.htm,Kosraean
koti.htm,Koti
kotia.htm,Kotia
kove.htm,Kove
koya.htm,Koya
koyukon.htm,Koyukon
kpelle.htm,Kpelle
krache.htm,Krache
kri.htm,Kri
krongo.htm,Krongo
krymchak.htm,Krymchak
kryts.htm,Kryts
kubachi.htm,Kubachi
kanga.htm#kufa,Kufa
kuhane.htm,Kuhane
kuku.htm,Kuku
kukunyungkal.htm,Kuku Nyungkal
kukuya.htm,Kukuya
kulango.htm,Kulango
kulisusu.htm,Kulisusu
kullui.htm,Kullui
kumandy.htm,Kumandy
kumaoni.htm,Kumaoni
kumeyaay.htm,Kumeyaay
kumyk.php,Kumyk
kumzari.htm,Kumzari
kuna.htm,Kuna
kunda.htm,Kunda
kunjen.htm,Kunjen
kuot.htm,Kuot
kupia.htm,Kupia
kupsabiny.htm,Kupsabiny
kurdish.htm,Kurdish
kuria.htm,Kuria
kurmali.htm,Kurmali
kurti.htm,Kurti
kurukh.htm,Kurukh
kusaal.htm,Kusaal
kusunda.htm,Kusunda
kutchi.htm,Kutchi
kutenai.htm,Kutenai
kuukthaayorre.htm,Kuuk Thaayorre
kuy.htm,Kuy
kven.htm,Kven
kwaio.htm,Kwaio
kwakwala.htm,Kwak̓wala
kwambi.htm,Kwambi
kwamera.htm,Kwamera
kwangali.htm,Kwangali
kwaraae.htm,Kwaraʼae
kwasengen.htm,Kwasengen
kwasio.htm,Kwasio
kyode.htm,Kyode
kirghiz.htm,Kyrgyz
laalaa.htm,Laalaa
laalaabwamu.htm,Láá Láá Bwamu
lacandon.htm,Lacandon
ladakhi.htm,Ladakhi
ladin.htm,Ladin
ladino.htm,Ladino
lahu.htm,Lahu
lak.htm,Lak
lakon.htm,Lakon
lakota.htm,Lakota (Sioux)
lamaholot.htm,Lamaholot
lamalama.htm,Lamalama
lambadi.htm,Lambadi
lambya.htm,Lambya
lampung.htm,Lampung
langgo.htm,Lango (South Sudan)
lango.htm,Lango (Uganda)
lanna.htm,Lanna
lao.htm,Lao
lashi.htm,Lashi
latgalian.htm,Latgalian
latin2.htm,Latin
lsf.htm,Latino sine Flexione
latvian.htm,Latvian
lau.htm,Lau
lavukaleve.htm,Lavukaleve
lawangan.htm,Lawangan
laz.htm,Laz
ledokaili.htm,Ledo Kaili
lega.htm,Lega
lehali.htm,Lehali
lele.htm,Lele
lenakel.htm,Lenakel
lengo.htm,Lengo
lengola.htm,Lengola
lepcha.htm,Lepcha
lepontic.htm,Lepontic
lewo.htm,Lewo
lezgi.htm,Lezgi
lhaovo.htm,Lhao Vo
lhomi.htm,Lhomi
lhowa.htm,Lhowa
ligurian.htm,Ligurian
likpe.htm,Likpe
lillooet.htm,Lillooet
limba.htm,Limba
limbu.htm,Limbu
limbum.htm,Limbum
limburgish.htm,Limburgish
lingala.htm,Lingala
lfn.htm,Lingua Franca Nova
lio.htm,Lio
lipanapache.htm,Lipan Apache
lipo.htm,Lipo
liqwala.htm,Liqʼwala
lisu.htm,Lisu
lithuanian.htm,Lithuanian
livonian.htm,Livonian
livvikarelian.htm,Livvi-Karelian
llanito.htm,Llanito
logba.htm,Logba
lojban.htm,Lojban
lokoya.htm,Lokoya
lolopo.htm,Lolopo
loma.htm,Loma
lombard.htm,Lombard
lomwe.htm,Lomwe
longgu.htm,Longgu
lop.htm,Lop
lopit.htm,Lopit
lorrain.htm,Lorrain
lote.htm,Lote
lotoga.htm,Lo-Toga
lotuko.htm,Lotuko
loup.htm,Loup
lovari.htm,Lovari
lowgerman.htm,Low German
loyop.htm,Löyöp
lozi.htm,Lozi
lubakatanga.htm,Luba-Katanga
luchazi.htm,Luchazi
ludic.htm,Ludic
ganda.php,Luganda
lugbara.htm,Lugbara
luseno.htm,Luiseño
lumun.htm,Lumun
lunbawang.htm,Lun Bawang
lunda.htm,Lunda
luobohemiao.htm,Luobohe Miao
luri.htm,Luri
lushootseed.htm,Lushootseed
iberian.htm,Lusitanian
luvale.htm,Luvale
luwian.htm,Luwian
luxembourgish.htm,Luxembourgish
luyana.htm,Luyana
lycian.php,Lycian
lydian.php,Lydian
maanyan.htm,Maʼanyan
maasai.htm,Maasai
maaymaay.htm,Maay Maay
maba.htm,Maba
macedonian.htm,Macedonian
machiguenga.htm,Machiguenga
macushi.htm,Macushi
madi.htm,Ma'di
madurese.htm,Madurese
magahi.htm,Magahi
magar.htm,Magar
maguindanao.htm,Maguindanao
mahasupahari.htm,Mahasu Pahari
maithili.htm,Maithili
maka.htm,Maká
makaa.htm,Makaa
makah.htm,Makah
makalero.htm,Makalero
makassarese.htm,Makasarese
makhuwa.php,Makhuwa
makonde.htm,Makonde
makurap.htm,Makurap
malagasy.htm,Malagasy
malay.htm,Malay
terengganumalay.htm,Malay (Terengganu)
malayalam.htm,Malayalam
thaana.htm,Maldivian (Dhivehi)
malecitepassamaquoddy.htm,Malecite-Passamaquoddy
maleku.htm,Maléku
mali.htm,Mali
maltese.htm,Maltese
malto.htm,Malto
mam.htm,Mam
mamanwa.htm,Mamanwa
mamainde.htm,Mamaindê
mamasa.htm,Mamasa
mampruli.htm,Mampruli
manadomalay.htm,Manado Malay
manam.htm,Manam
manchu.htm,Manchu
mandaic.htm,Mandaic
mandan.htm,Mandan
mandar.htm,Mandar
mandari.htm,Mandari
mandeali.htm,Mandeali
mandinka.htm,Mandinka
mangareva.htm,Mangareva
manggarainese.htm,Manggarainese
manide.htm,Manide
maninka.htm,Maninka
manipuri.htm,Manipuri
mankanya.htm,Mankanya
mano.htm,Mano
mansi.htm,Mansi
manx.htm,Manx
mao.htm,Mao
maore.htm,Maore
maori.htm,Māori
mapuche.htm,Mapuche
maranao.htm,Maranao
marathi.htm,Marathi
marba.htm,Marba
markwet.htm,Markwet
mari.htm#hm,Mari (Hill)
mari.htm#mm,Mari (Meadow)
mari.htm#nwm,Mari (Northwestern)
maricopa.htm,Maricopa
marma.htm,Marma
marovo.htm,Marovo
northmarquesan.htm,Marquesan (North)
southmarquesan.htm,Marquesan (South)
marshallese.php,Marshallese
martuwangka.htm,Martu Wangka
marwari.htm,Marwari
masaaba.htm,Masaaba
masalit.htm,Masalit
masbateno.htm,Masbateño
mashanmiao.htm,Mashan Miao
maskelynes.htm,Maskelynes
massachusett.htm,Massachusett
matigsalug.htm,Matigsalug
mato.htm,Mato
matses.htm,Matsés
maung.htm,Maung
mauritiancreole.htm,Mauritian Creole
mavea.htm,Mavea
chontalmaya.htm,Maya (Chontal)
yucatec.htm,Maya (Yucatec)
mayo.htm,Mayo
mazahua.htm,Mazahua
mazandarani.htm,Mazandarani
mazatec.htm,Mazatec
chiquihuitlanmazatec.htm,Mazatec (Chiquihuitlán)
jalapamazatec.htm,Mazatec (Jalapa)
mbama.htm,Mbama
mbato.htm,Mbato
mbelime.htm,Mbelime
mbere.htm,Mbere
mbosi.htm,Mbosi
mbugu.htm,Mbugu
mbukushu.htm,Mbukushu
mbula.htm,Mbula
mbum.htm,Mbum
mbunda.htm,Mbunda
mbuun.htm,Mbuun
meankieli.htm,Meänkieli
medumba.htm,Medumba
meglenoromanian.htm,Megleno-Romanian
melanau.htm,Melanau
mele-fila.htm,Mele-Fila
mende.htm,Mende
menik.htm,Ménik
menominee.htm,Menominee
mentawai.htm,Mentawai
meriammir.htm,Meriam Mir
meroitic.htm,Meroïtic
mescalero-chiricahua.htm,Mescalero-Chiricahua
mewari.htm,Mewari
meyah.htm,Meyah
miami.php,Miami
michif.htm,Michif
midlandmixe.htm,Midland Mixe
migaama.htm,Migaama
miju.htm,Miju
mikasuki.htm,Mikasuki
mikmaq.htm,Mi'kmaq
minangkabau.htm,Minangkabau
mingrelian.htm,Mingrelian
mirandese.htm,Mirandese
miriwoong.htm,Miriwoong
misantlatotonac.htm,Misantla Totonac
mising.htm,Mising
miskito.htm,Miskito
mixtec.htm,Mixtec
chayucomixtec.htm,Mixtec (Chayuco)
coatzospanmixtec.htm,Mixtec (Coatzospan)
miya.htm,Miya
miyakoan.htm,Miyakoan
mizo.htm,Mizo
mmen.htm,Mmen
mnong.htm,Mnong
moba.htm,Moba
mocheno.htm,Mòcheno
mocho.htm,Mochoʼ
mocovi.htm,Mocoví
modang.htm,Modang
mogholi.htm,Mogholi
mohawk.htm,Mohawk
mohegan.htm,Mohegan
mohican.htm,Mohican
mojave.htm,Mojave
mokilese.htm,Mokilese
moksha.htm,Moksha
molbog.htm,Molbog
moldovan.htm,Moldovan
moloko.htm,Moloko
moma.htm,Moma
monegasque.htm,Monégasque
mon.htm,Mon
mongo.htm,Mongo
mongolian.htm,Mongolian
mongondow.htm,Mongondow
mongsenao.htm,Mongsen Ao
monguor.htm,Monguor
mono.htm,Mono (California)
mono-congo.htm,Mono (Congo)
mono-alu.htm,Mono-Alu
montenegrin.htm,Montenegrin
mopan.htm,Mopan
moriatas.htm,Mori Atas
moribawah.htm,Mori Bawah
moriori.htm,Moriori
moro.htm,Moro
morokodo.htm,Morokodo
moronene.htm,Moronene
mortlockese.htm,Mortlockese
moru.htm,Moru
mossi.htm,Mossi
mota.htm,Mota
motu.htm,Motu
motuna.htm,Motuna
mozarabic.htm,Mozarabic
mpiemo.htm,Mpiemo
mro.htm,Mro
mualang.htm,Mualang
mufian.htm,Mufian
mukhadora.htm,Mukha Dora
muna.htm,Muna
mundang.htm,Mundang
mundari.htm,Mundari
muinane.htm,Muinane
munji.htm,Munji
munsee.htm,Munsee
muong.htm,Muong
murrinh-patha.php,Murrinh-Patha
muruihuitoto.htm,Murui Huitoto
creek.htm,Muscogee (Creek-Seminole)
musey.htm,Musey
musi.htm,Musi (Palembang)
mussauemira.htm,Mussau-Emira
mutsun.htm,Mutsun
mwaghavul.htm,Mwaghavul
mwani.htm,Mwani
mwerlap.htm,Mwerlap
mwotlap.htm,Mwotlap
myene.htm,Myene
naasioi.htm,Naasioi
naba.htm,Naba
nabataean.htm,Nabataean
nafanan.htm,Nafanan
nafsan.htm,Nafsan
nagamese.php,Nagamese
nahavaq.htm,Nahavaq
nahuatl.htm,Nahuatl
nahuatl-easternhuasteca.htm,Nahuatl (Eastern Huasteca)
nahuatl-guerrero.htm,Nahuatl (Guerrero)
nahuatl-tetelcingo.htm,Nahuatl (Tetelcingo)
khoekhoe.htm,Nama
namakura.htm,Namakura
naman.htm,Naman
nambikwara.htm,Nambikwara
nambya.htm,Nambya
nanai.htm,Nanai
nancowry.htm,Nancowry
nande.htm,Nande
nandi.htm,Nandi
nanggu.htm,Nanggu
nanti.htm,Nanti
narim.htm,Narim
naro.htm,Naro
narragansett.htm,Narragansett
naskapi.php,Naskapi
natchez.htm,Natchez
nateni.htm,Nateni
nauruan.htm,Nauruan
navajo.htm,Navajo
pipil.htm,Nawat (Pipil)
nawdm.htm,Nawdm
naxi.htm,Naxi
northernndebele.htm,Ndebele (Northern - South Africa)
sindebele.htm,Ndebele (Northern - Zimbabwe)
ndebele.php,Ndebele (Southern)
ndrumbea.htm,Ndrumbea
nduke.htm,Nduke
ndjuka.htm,Ndyuka
neapolitan.php,Neapolitan
negidal.htm,Negidal
nenets.htm,Nenets
nengone.htm,Nengone
neomandaic.htm,Neo-Mandaic
nepali.htm,Nepali
neveei.htm,Neve‘ei
neverver.htm,Neverver
newar.htm,Newar
neyo.htm,Neyo
nezperce.htm,Nez Perce
ngaanyatjarra.htm,Ngaanyatjarra
ngadha.htm,Ngadha
ngaju.htm,Ngaju
nganasan.htm,Nganasan
ngangam.htm,Ngangam
ngiyambaa.php,Ngiyambaa
ngizim.htm,Ngizim
ngoni.htm,Ngoni
ngwii.htm,Ngwii
nhangu.htm,Nhangu
nheengatu.htm,Nheengatu
nias.htm,Nias
nihali.htm,Nihali
nimadi.htm,Nimadi
ninde.htm,Ninde
nisgaa.htm,Nisgaʼa
nishi.htm,Nishi
nisu.htm,Nisu
niuafoou.htm,Niuafoʻou
niuatoputaputafahi.htm,Niuatoputapu-Tafahi
niuean.php,Niuean
niuu.htm,Nǁng
nivacle.htm,Nivaclé
nivkh.htm,Nivkh
njebi.htm,Njebi
nkonya.htm,Nkonya
nkore.htm,Nkore
thompson.htm,Nlakaʼpamux (Thompson)
noakhailla.htm,Noakhailla
nobiin.htm,Nobiin
nobonob.htm,Nobonob
nogai.htm,Nogai
nomatsiguenga.htm,Nomatsiguenga
nooksack.htm,Nooksack
noon.htm,Noon
noongar.php,Noongar
norfuk.htm,Norfuk
norn.htm,Norn
northefate.htm,North Efate
northteke.htm,North Teke
northernkhmer.htm,Northern Khmer
northernpaiute.htm,Northern Paiute
northernpwo.htm,Northern Pwo
northernqiang.htm,Northern Qiang
nsotho.htm,Northern Sotho
northernthai.htm,Northern Thai (Kam Mueang)
norwegian.htm,Norwegian
novial.htm,Novial
nso.htm,Nso
ntcham.htm,Ntcham
nuaulu.htm,Nuaulu
nubi.htm,Nubi
nuer.htm,Nuer
nukumanu.htm,Nukumanu
nukuoro.htm,Nukuoro
nukuria.htm,Nukuria
nume.htm,Nume
numee.htm,Numèè
nung.htm,Nùng
nunggubuyu.htm,Nunggubuyu
nuosu.htm,Nuosu
nupe.htm,Nupe
nushu.htm,Nushu
nuuchahnulth.htm,Nuu-Chah-Nulth (Nootka)
nuxalk.htm,Nuxalk (Bella Coola)
nyabwa.htm,Nyabwa
nyahkur.htm,Nyah Kur
nyakyusa.htm,Nyakyusa
nyamwezi.htm,Nyamwezi
nyangatom.htm,Nyangatom
nyelayu.htm,Nyelâyu
nyemba.htm,Nyemba
nyepu.htm,Nyepu
nyole.htm,Nyole
nyoro.htm,Nyoro
nyungwe.htm,Nyungwe
nzadi.htm,Nzadi
nzema.htm,Nzema
obo.htm,Obo
obolo.htm,Obolo
ocaina.htm,Ocaina
occidental.htm,Occidental (Interlingue)
occitan.htm,Occitan
auvergnat.htm,Occitan (Auvergnat)
languedocien.htm,Occitan (Languedocien)
limousin.htm,Occitan (Limousin)
provencal.htm,Occitan (Provençal)
oriya.htm,Odia
ogan.htm,Ogan
ogba.htm,Ogba
ojibwe.htm,Ojibwe
ojicree.htm,Oji-Cree
okanagan.htm,Okanagan
okinawan.php,Okinawan
okinoerabu.htm,Okinoerabu
oku.htm,Oku
ocslavonic.htm,Old Church Slavonic
oldenglish.htm,Old English
oldnorse.htm,Old Norse
oldnubian.htm,Old Nubian
oldtupi.htm,Old Tupi
orkhon.htm,Old Turkic / Orkhon
olubo.htm,Olu'bo
oluta.htm,Oluta Popoluca
omaha.htm,Omaha
ona.htm,Ona
oneida.htm,Oneida
onge.htm,Onge
onhan.htm,Onhan
onondaga.htm,Onondaga
ontongjava.htm,Ontong Java
oodham.htm,O'odham
oowekyala.htm,Oowekyala
ormuri.htm,Ormuri
oroch.htm,Oroch
oroha.htm,Oroha
orok.htm,Orok
oroko.htm,Oroko
oromo.htm,Oromo
oroqen.htm,Oroqen
oroshor.htm,Oroshor
osage.php,Osage
oscan.htm,Oscan
oshiwambo.php,Oshiwambo
ososo.htm,Ososo
ossetian.htm,Ossetian
otomi.htm,Otomi
ottawa.htm,Ottawa
owa.htm,Owa
paafang.htm,Pááfang
paakantyi.htm,Paakantyi
paama.htm,Paama
paasaal.htm,Paasaal
pacoh.htm,Pacoh
paez.htm,Páez
pagibete.htm,Pagibete
pahari.htm,Pahari
paici.htm,Paicî
paipai.htm,Paipai
paite.htm,Paite
paiwan.htm,Paiwan
paku.htm,Paku
palauan.htm,Palauan
palaung.htm,Palaung
palawano.htm,Palawano
palenquero.htm,Palenquero
pali.htm,Pali
palikur.htm,Palikúr
palue.htm,Paluʼe
palula.htm,Palula
panare.htm,Panare
pangasinan.htm,Pangasinan
pangwali.htm,Pangwali
pao.htm,Pa'O
papantlatotonac.htm,Papantla Totonac
papapana.htm,Papapana
papiamento.php,Papiamento
paraujuano.htm,Paraujuano
pare.htm,Pare
paresi.htm,Paresi
porja.htm,Parji / Porja
parkari.htm,Parkari Koli
parthian.htm,Parthian
pashto.htm,Pashto
patwin.htm,Patwin
pauna.htm,Pauna
pawnee.htm,Pawnee
paya.htm,Paya
pazeh.htm,Pazeh
pemon.htm,Pemon
pendau.htm,Pendau
pennsylvaniagerman.htm,Pennsylvania German
penobscot.htm,Penobscot
penrhyn.htm,Penrhyn
persian.htm,Persian (Farsi)
phoenician.htm,Phoenician
phom.htm,Phom
phrygian.htm,Phrygian
piapoco.htm,Piapoco
picard.htm,Picard
piedmontese.htm,Piedmontese
picuris.htm,Picuris
pijin.htm,Pijin
pilaga.htm,Pilagá
pingelapese.htm,Pingelapese
pintupi.htm,Pintupi
pinyin.htm,Pinyin
piraha.php,Pirahã
pitjantjatjara.htm,Pitjantjatjara
pochuri.htm,Pochuri
pohnpeian.htm,Pohnpeian
polci.htm,Polci
polish.htm,Polish
centralpomo.htm,Pomo (Central)
pomo.htm,Pomo (Eastern)
northernpomo.htm,Pomo (Northern)
southeasternpomo.htm,Pomo (Southeastern)
southernpomo.htm,Pomo (Southern)
ponosakan.htm,Ponosakan
pontic.htm,Pontic Greek
poqomam.htm,Poqomam
poqomchi.htm,Poqomchiʼ
porohanon.htm,Porohanon
portuguese.htm,Portuguese
potawatomi.htm,Potawatomi
powhatan.htm,Powhatan
pie.htm,Proto-Indo-European
pukapukan.htm,Pukapukan
puluwatese.htm,Puluwatese
pumi.htm,Pumi
punjabi.htm,Punjabi
punu.htm,Punu
purepecha.htm,Purepecha
puyuma.htm,Puyuma
qanjobal.htm,Qʼanjobʼal
qashqai.htm,Qashqai
southarabian.htm,Qatabanic
qeqchi.htm,Qʼeqchiʼ
quapaw.htm,Quapaw
quechan.htm,Quechan
ambopascoquechua.htm,Quechua (Ambo-Pasco)
ancashquechua.htm,Quechua (Ancash)
cajamarcaquechua.htm,Quechua (Cajamarca)
quechua.htm,Quechua (Classical)
cuzcoquechua.htm,Quechua (Cuzco)
huallagaquechua.htm,Quechua (Huallaga)
huayllawancaquechua.htm,Quechua (Huaylla Wanca)
santiaguenoquechua.htm,Quechua (Santiagueño)
southbolivianquechua.htm,Quechua (South Bolivian)
quiripi.htm,Quiripi
rade.htm,Rade
raga.htm,Raga
rajasthani.htm,Rajasthani
rajbanshi.htm,Rajbanshi
rakahanga-manihiki.htm,Rakahanga-Manihiki
rama.htm,Rama
rana.htm,Rana
rangpuri.htm,Rangpuri
rapa.htm,Rapa
rapanui.htm,Rapa Nui
rarotongan.htm,Rarotongan
ratahan.htm,Ratahan
ravula.htm,Ravula
rawang.htm,Rawang
redjang.htm,Rejang
rendille.htm,Rendille
rennellese.htm,Rennellese
reunioncreole.htm,Réunion Creole
rinconada.htm,Rinconada Bikol
riffian.htm,Riffian
ripuarian.htm,Ripuarian
rohingya.htm,Rohingya
neolatin.htm,Romance Neolatino
romani.htm,Romani
romanian.htm,Romanian
romaniantatar.htm,Romanian Tatar
romanico.htm,Romániço
romansh.htm,Romansh
romblomanon.htm,Romblomanon
ronga.htm,Ronga
rongga.htm,Rongga
rongmei.htm,Rongmei
rotokas.php,Rotokas
rotuman.php,Rotuman
roviana.htm,Roviana
rukai.htm,Rukai
rumsen.htm,Rumsen
rushani.htm,Rushani
russian.htm,Russian
rusyn.htm,Rusyn
rutul.htm,Rutul
sa.htm,Sa
saa.htm,Sa'a
saanich.htm,Saanich
saaroa.htm,Saaroa
sabaean.htm,Sabaean
sabane.htm,Sabanê
sadri.htm,Sadri
safaliba.htm,Safaliba
safen.htm,Safen
safwa.htm,Safwa
sahaptin.htm,Sahaptin
saho.htm,Saho
saintluciancreole.htm,Saint Lucian Creole
saisiyat.htm,Saisiyat
sakao.htm,Sakao
sakapultek.htm,Sakapultek
sakizaya.htm,Sakizaya
salar.htm,Salar
saliba.htm,Saliba
salish.htm,Salish
samaritan.htm,Samaritan (Aramaic / Hebrew)
sambal.htm,Sambal
sambasmalay.htm,Sambas Malay
saami.htm,Sámi
akkalasami.htm,Saami (Akkala)
inarisami.htm,Saami (Inari)
kildinsami.htm,Sámi (Kildin)
lulesami.htm,Sámi (Lule)
northernsami.htm,Sámi (Northern)
pitesami.htm,Sámi (Pite)
skoltsami.htm,Sámi (Skolt)
southernsami.htm,Sámi (Southern)
tersami.htm,Sámi (Ter)
umesami.htm,Sámi (Ume)
samoan.htm,Samoan
samogitian.htm,Samogitian
itunyosotriqui.htm,San Martín Itunyoso Triqui
sandawe.htm,Sandawe
sangirese.htm,Sangirese
sanglechi.htm,Sanglechi
sango.php,Sango
sani.htm,Sani
sankethi.htm,Sankethi
sanskrit.htm,Sanskrit
santa.htm,Santa / Dongxiang
santacruz.htm,Santa Cruz
santali.htm,Santali
santodomingotriqui.htm,Santo Domingo del Estero Triqui
saraiki.htm,Saraiki
saramaccan.htm,Saramaccan
sardinian.htm,Sardinian
sarikoli.htm,Sarikoli
sarnami.htm,Sarnámi Hindustani
sasak.htm,Sasak
satawalese.htm,Satawalese
sauk.htm,Sauk
saurashtra.htm,Saurashtra
savosavo.htm,Savosavo
sawi.htm,Sawi
sawila.htm,Sawila
saxwe.htm,Saxwe
sayula.htm,Sayula Popoluca
scots.htm,Scots
gaelic.htm,Scottish Gaelic
secoya.htm,Secoya
sedang.htm,Sedang
seediq.htm,Seediq
sekani.htm,Sekani
seki.htm,Seki
selaru.htm,Selaru
selkup.htm,Selkup
sena.htm,Sena
seneca.htm,Seneca
sengele.htm,Sengele
serbian.htm,Serbian
serer.htm,Serer
seri.htm,Seri
serrano.htm,Serrano
seto.htm,Seto
seselwa.htm,Seychelles Creole
shabaki.php,Shabaki
shan.htm,Shan
shatt.htm,Shatt
shavante.php,Shavante (Xavante)
shawiya.htm,Shawiya
shawnee.php,Shawnee
she.htm,She
sheshashishalhem.htm,she shashishalhem
sheko.htm,Sheko
shenwa.htm,Shenwa
sherpa.htm,Sherpa
modern_shetlandic_scots.htm,Shetland(ic)
shilha.htm,Shilha (Tashelhit)
shilluk.htm,Shilluk
shina.htm,Shina
shipibo.htm,Shipibo
shompen.htm,Shompen
shona.php,Shona
shor.htm,Shor
shoshone.htm,Shoshone
shuar.htm,Shuar
shughni.htm,Shughni
shuswap.htm,Shuswap
siar.htm,Siar
siberiantatar.htm,Siberian Tatar
sicilian.htm,Sicilian
sidama.htm,Sidama
krio.htm,Sierra Leonean Creole
sierraotomi.htm,Sierra Otomi
sierrapopoluca.htm,Sierra Popoluca
sikaiana.htm,Sikaiana
sikkimese.htm,Sikkimese
silesian.php,Silesian
silte.htm,Silt'e
sindhi.htm,Sindhi
singlish.htm,Singlish
sinhala.htm,Sinhala
sio.htm,Sio
siona.htm,Siona (Colombian)
ecuadoriansiona.htm,Siona (Ecuadorian)
sipakapense.htm,Sipakapense
sirenik.htm,Sirenik
sirmauri.htm,Sirmauri
sisaali.htm,Sisaali
siwi.htm,Siwi
siwu.htm,Siwu
ske.htm,Ske
northslavey.htm,Slavey (North)
southslavey.htm,Slavey (South)
slovak.htm,Slovak
slovene.htm,Slovenian
slovio.htm,Slovio
sobei.htm,Sobei
soga.htm,Soga
sogdian.htm,Sogdian
sokoro.htm,Sokoro
solresol.htm,Solresol
somrai.htm,Somrai
sonsorolese.htm,Sonsorolese
somali.htm,Somali
songe.htm,Songe
soninke.htm,Soninke
sora.htm,Sora
sorbian.htm#ls,Sorbian (Lower)
sorbian.htm#us,Sorbian (Upper)
sorsogon-southern.htm,Sorsogon (Southern)
southpicene.htm,South Picene
southernoromo.htm,Southern Oromo
southernqiang.htm,Southern Qiang
ndebele.php,Southern Ndebele
southernpaiute.htm,Southern Paiute
sesotho.htm,Southern Sotho (Sesotho)
southerntiwa.htm,Southern Tiwa
soyot.htm,Soyot
spanish.htm,Spanish
squamish.htm,Squamish
sranan.htm,Sranan
stellingwarfs.htm,Stellingwarfs
stoney.htm,Stoney
suba.htm,Suba
sugali.htm,Sugali
sui.htm,Sui
sukuma.htm,Sukuma
sumbawa.htm,Sumbawa
sumerian.htm,Sumerian
sumi.htm,Sümi
sundanese.php,Sundanese
sunwar.htm,Sunwar
supyire.htm,Supyire
surigaonon.htm,Surigaonon
suriyanimalayalam.htm,Suriyani Malayalam
sursurunga.htm,Sursurunga
susu.htm,Susu
suwawa.htm,Suwawa
svan.htm,Svan
swabian.htm,Swabian
swahili.htm,Swahili
swati.php,Swati/Swazi
swedish.htm,Swedish
swissgerman.htm,Swiss German
syloti.htm,Sylheti
syriac.htm,Syriac
taa.htm,Taa
tabassaran.htm,Tabassaran
tagabawa.htm,Tagabawà
tagalog.htm,Tagalog
tagbanwa.htm,Tagbanwa (Central)
tahitian.htm,Tahitian
tahltan.htm,Tahltan
taidam.htm,Tai Dam
taidon.htm,Tai Dón
taihongjin.htm,Tai Hongjin
tailaing.htm,Tai Laing
tailue.htm,Tai Lue
tainua.htm,Tai Nuea
taiphake.htm,Tai Phake
taino.htm,Taíno
tairoa.htm,Tairoa
taita.htm,Taita
taiya.htm,Tai Ya
taiyo.htm,Tai Yo
tajik.htm,Tajik
tajio.htm,Tajio
takuu.htm,Takuu
talaud.htm,Talaud
talinga.htm,Talinga
talise.htm,Talise
talysh.htm,Talysh
tamahaq.htm,Tamahaq
tamambo.htm,Tamambo
tamang.htm,Tamang
tamasheq.htm,Tamasheq
tamazight.htm,Tamazight
tami.htm,Tami
tamil.htm,Tamil
tammari.htm,Tammari
tampuan.htm,Tampuan
tanacross.htm,Tanacross
tanchangya.htm,Tanchangya
tanga.htm,Tanga
tangale.htm,Tangale
tangkhul.htm,Tangkhul Naga
tangsa.htm,Tangsa
tangut.htm,Tangut (Xi-Xia)
yami.htm,Tao (Yami)
taoi.htm,TaʼOi
taos.htm,Taos
tarahumara.htm,Tarahumara
tarama.htm,Tarama
tariana.htm,Tariana
tartessian.htm,Tartessian
tat.htm,Tat
tatar.htm,Tatar
tausug.htm,Tausūg
tawallammattamajaq.htm,Tawallammat Tamajaq
tawbuid.htm,Tawbuid
tayarttamajeq.htm,Tayart Tamajeq
tboli.htm,Tboli
tchaman.htm,Tchaman
teanu.htm,Teanu
tedim.htm,Tedim
tehuelche.htm,Tehuelche
sahaptin.htm,Teino
teiwa.htm,Teiwa
tektitek.htm,Tektitek
teleut.htm,Teleut
telugu.htm,Telugu
tem.htm,Tem
tembo.htm,Tembo
temne.htm,Temne
temoayaotomi.htm,Temoaya Otomi
tepehuan.htm,Tepehuán (Northern)
tepehuan-southeastern.htm,Tepehuán (Southeastern)
tepehuan-southwestern.htm,Tepehuán (Southwestern)
terena.htm,Terêna
terik.htm,Terik
ternate.htm,Ternate
teribe.htm,Teribe
tetela.htm,Tetela
tetum.php,Tetum
tewa.htm,Tewa
texistepec.htm,Texistepec
thadou.htm,Thadou
thai.htm,Thai
thaisong.htm,Thai Song
thakali.htm,Thakali
thangmi.htm,Thangmi
tibetan.htm,Tibetan
ticuna.htm,Ticuna
tidore.htm,Tidore
tigak.htm,Tigak
tigre.htm,Tigre
tigrinya.htm,Tigrinya
tii.htm,Tii
tiipai.htm,Tiipai
tikopia.htm,Tikopia
timbisha.htm,Timbisha
tindi.htm,Tindi
tirax.htm,Tirax
tiriyo.htm,Tiriyó
tiruray.htm,Tiruray
tiv.htm,Tiv
tiwi.htm,Tiwi
tlahuitoltepecmixe.htm,Tlahuitoltepec Mixe
tlapanec.htm,Tlapanec
tlicho.htm,Tłı̨chǫ (Dogrib)
tlingit.htm,Tlingit
tobaqom.htm,Toba Qom
tobelo.htm,Tobelo
tobian.htm,Tobian
tocharian.htm,Tocharian
tocho.htm,Tocho
toda.htm,Toda
tofa.htm,Tofa
tojolabal.htm,Tojolabal
tokpisin.htm,Tok Pisin
tokelauan.htm,Tokelauan
tokunoshima.htm,Tokunoshima
tolai.htm,Tolai
tolaki.htm,Tolaki
tolowa.htm,Tolowa
tombonuwo.htm,Tombonuwo
tombulu.htm,Tombulu
tondano.htm,Tondano
tonga.htm,Tonga
tongan.htm,Tongan
tongva.htm,Tongva
tonkawa.htm,Tonkawa
tonsawang.htm,Tonsawang
tooro.htm,Tooro
toposa.htm,Toposa
toqabaqita.htm,Toqabaqita
torajasadan.htm,Toraja-Sa'dan
tsc.htm,Torres-Strait Creole
torwali.htm,Torwali
toto.htm,Toto
totontepecmixe.htm,Totontepec Mixe
touo.htm,Touo
transylvaniansaxon.htm,Transylvanian Saxon
tsafiki.htm,Tsafiki
tsakhur.htm,Tsakhur
tsakonian.htm,Tsakonian
tsez.htm,Tsez
tshangla.htm,Tshangla
tshiluba.php,Tshiluba
tsimshian.htm,Tsimshian
tsonga.php,Tsonga
tsou.htm,Tsou
tsudaqar.htm,TsudaqarTsuut'ina
tswa.htm,Tswa
tswana.php,Tswana
tuamotuan.htm,Tuamotuan
tucano.htm,Tucano
tugen.htm,Tugen
tujia.htm,Tujia
tukangbesi.htm,Tukang Besi
tulu.htm,Tulu
tumak.htm,Tumak
tumbuka.htm,Tumbuka
tumulungsisaala.htm,Tumulung Sisaala
tunica.htm,Tunica
turka.htm,Turka
turkana.htm,Turkana
turkish.htm,Turkish
turkmen.htm,Turkmen
turoyo.htm,Turoyo
tuscarora.htm,Tuscarora
tutchone.htm,Tutchone
tutelo.htm,Tutelo
tuvaluan.htm,Tuvaluan
tuvan.php,Tuvan
tuyuca.htm,Tuyuca
twi.htm,Twi
tzeltal.htm,Tzeltal
tzotzil.htm,Tzotzil
tzutujil.htm,Tzʼutujiil
ubang.htm,Ubang
ubir.htm,Ubir
ubykh.htm,Ubykh
udege.htm,Udege
udi.htm,Udi
udmurt.htm,Udmurt
uduk.htm,Uduk
ugaritic.htm,Ugaritic
ughele.htm,Ughele
ukrainian.htm,Ukrainian
ulch.htm,Ulch
ulithian.htm,Ulithian
ulumanda.htm,Ulumandaʼ
uma.htm,Uma
sahaptin.htm,Umatilla
umbrian.htm,Umbrian
umbundu.htm,Umbundu
umiraydumaget.htm,Umiray Dumaget
unami.htm,Unami (Lenape)
uneapa.htm,Uneapa
dinaki.htm,Upper Kuskokwim
uppertanana.htm,Upper Tanana
uraklawoi.htm,Urak Lawoiʼ
urarina.htm,Urarina
urdu.htm,Urdu
urhobo.htm,Urhobo
uropi.htm,Uropi
urum.htm,Urum
uspantek.htm,Uspantek
uyghur.htm,Uyghur
uzbek.htm,Uzbek
vadi.htm,Vadi
vaeakautaumako.htm,Vaeakau-Taumako
vai.htm,Vai
valencian.htm,Valencian
vamale.htm,Vamale
varmlandic.htm,Värmlandic
vatlongos.htm,Vatlongos (Southeast Ambrym)
venda.htm,Venda
vengo.htm,Vengo
venetian.htm,Venetian
veps.htm,Veps
vietnamese.htm,Vietnamese
vili.htm,Vili
vitu.htm,Vitu
volapuk.htm,Volapük
voro.htm,Võro
votic.htm,Votic
vures.htm,Vurës
vwanji.htm,Vwanji
wa.htm,Wa
waama.htm,Waama
waata.htm,Waata
wadi.htm,Wa'di
waiwai.htm,Waiwai
wakhi.php,Wakhi
sahaptin.htm,Walla Walla
wallisian.htm,Wallisian
walloon.htm,Walloon
wambaya.htm,Wambaya
wambule.htm,Wambule
wamesa.htm,Wamesa
wancho.htm,Wancho
wandamen.htm,Wandamen
wanetsi.htm,Wanetsi
wantoat.htm,Wantoat
waorani.htm,Waorani
wapishana.htm,Wapishana
warao.htm,Warao
waray.php,Waray-Waray
wardaman.htm,Wardaman
warlpiri.htm,Warlpiri
washo.htm,Washo
wayampi.htm,Wayampi
wayana.htm,Wayana
wayuu.php,Wayuu
wejewa.htm,Wejewa
welsh.htm,Welsh
wembawemba.htm,Wemba Wemba
westpolesian.htm,West Polesian
westteke.htm,West Teke
westernfijian.htm,Western Fijian
westernneoaramaic.htm,Western Neo-Aramaic
westernpwo.htm,Western Pwo
westernrote.htm,Western Rote
westernsisaala.htm,Western Sisaala
westernsubanon.htm,Western Subanon
westernyugur.htm,Western Yugur
westuvean.htm,West Uvean
wichilhamtesguisnay.htm,Wichí Lhamtés Güisnay
wichilhamtesnocten.htm,Wichí Lhamtés Nocten
wichilhamtesvejoz.htm,Wichí Lhamtés Vejoz
wichita.htm,Wichita
wik-mungkan.php,Wik-Mungkan
wintu.htm,Wintu
wiradjuri.php,Wiradjuri
wiyot.htm,Wiyot
wobe.htm,Wobé
wolaytta.htm,Wolaytta
woleaian.htm,Woleaian
wolio.htm,Wolio
wolof.htm,Wolof
wukchumni.htm,Wukchumni
wymysorys.htm,Wymysorys
wyandot.htm,Wyandot (Huron)
xamtanga.htm,Xamtanga
xaracuu.htm,Xârâcùù
xhosa.htm,Xhosa
xibe.htm,Xibe
xong.htm,Xong
yaaku.htm,Yaaku
yabem.htm,Yabem
yaeyama.htm,Yaeyama
yaghan.htm,Yaghan
yaghnobi.htm,Yaghnobi
yagua.htm,Yagua
yaka.htm,Yaka
yakama.htm,Yakama
yakan.htm,Yakan
yakkha.htm,Yakkha
yakut.htm,Yakut (Sakha)
yamba.htm,Yamba
yamdena.htm,Yamdena
yaminawa.htm,Yaminawa
yanesha.htm,Yanesha'
yangzhuang.htm,Yang Zhuang
yankunytjatjara.htm,Yankunytjatjara
yanomamo.htm,Yanomamö
yansi.htm,Yansi
yao.htm,Yao
yapese.htm,Yapese
yaqui.htm,Yaqui
yasa.htm,Yasa
yawuru.htm,Yawuru
yazghulami.htm,Yazghulami
yekuana.htm,Yeʼkuana
yele.htm,Yele
yelmek.htm,Yelmek
yemba.htm,Yemba
yerukula.htm,Yerukula
yevanic.htm,Yevanic
yeyi.htm,Yeyi
yiddish.htm,Yiddish
yidgha.htm,Yidgha
yimchungru.htm,Yimchungrü
yindjibarndi.php,Yindjibarndi
yine.htm,Yine
yocobouedida.htm,Yocoboué Dida
yogad.htm,Yogad
yola.htm,Yola
yolmo.htm,Yolmo
yolngu.php,Yolŋu
yom.htm,Yom
yonaguni.htm,Yonaguni
yoron.htm,Yoron
yoruba.htm,Yoruba
yuchi.htm,Yuchi/Euchee
yucuna.htm,Yucuna
yukaghir.php,Yukaghir (Northern / Tundra)
southernyukaghir.htm,Yukaghir (Southern / Kolyma)
yukpa.htm,Yukpa
yupik.htm,Yup'ik (Central Alaskan)
siberianyupik.htm,Yupik (Central Siberian)
yurok.htm,Yurok
yuruti.htm,Yurutí
zaghawa.htm,Zaghawa
zaiwa.htm,Zaiwa
zaparo.htm,Záparo
zapotec-aloapam.htm,Zapotec (Aloápam)
zapotec-choapam.htm,Zapotec (Choápam)
zapotec-guila.htm,Zapotec (Güilá)
zapotec.php,Zapotec (Isthmus)
zapotec-miahuatlan.htm,Zapotec (Miahuatlán)
zapotec-rincon.htm,Zapotec (Rincón)
zapotec-sandionisioocotepec.htm,Zapotec (San Dionisio Ocotepec)
zapotec-zoogocho.htm,Zapotec (Zoogocho)
zarma.htm,Zarma
zazaki.htm,Zaza(ki)
zeelandic.htm,Zeelandic
zeme.htm,Zeme
zenaga.htm,Zenaga
zhuang.htm,Zhuang
zigula.htm,Zigula
zinza.htm,Zinza
zotung.htm,Zotung
zou.htm,Zou
zulgo-gemzek.htm,Zulgo-Gemzek
zulu.htm,Zulu
zuni.htm,Zuni
zuwara.htm,Zuwara Berber
